rank,mutation,score,in_top10,in_top50
1,483L,6.173148,1,1
2,493L,6.030318,1,1
3,484V,5.969476,1,1
4,483F,5.629839,1,1
5,486A,5.569084,1,1
6,340A,5.39255,1,1
7,449S,5.20496,1,1
8,482R,5.063603,1,1
9,484D,5.056478,1,1
10,490L,5.005097,1,1
11,476S,4.850446,0,1
12,484S,4.838754,0,1
13,490V,4.838383,0,1
14,477G,4.819301,0,1
15,455A,4.793924,0,1
16,490P,4.779015,0,1
17,519L,4.598254,0,1
18,477K,4.582903,0,1
19,486H,4.467721,0,1
20,481S,4.460118,0,1
21,478Q,4.443066,0,1
22,482S,4.442617,0,1
23,449D,4.405642,0,1
24,484P,4.395474,0,1
25,371I,4.359658,0,1
26,477R,4.357933,0,1
27,446I,4.349611,0,1
28,490A,4.336398,0,1
29,484R,4.246947,0,1
30,455V,4.236644,0,1
31,484G,4.087593,0,1
32,485R,4.086285,0,1
33,373A,4.068855,0,1
34,340D,4.023282,0,1
35,375A,4.011381,0,1
36,485S,3.995197,0,1
37,460T,3.967992,0,1
38,444N,3.908504,0,1
39,500S,3.804972,0,1
40,344S,3.777273,0,1
41,490I,3.771963,0,1
42,445F,3.762322,0,1
43,468L,3.739202,0,1
44,481T,3.73664,0,1
45,450K,3.703082,0,1
46,493H,3.668622,0,1
47,499R,3.6572,0,1
48,354K,3.608293,0,1
49,417S,3.59268,0,1
50,493K,3.592295,0,1
51,376I,3.558176,0,0
52,456S,3.557818,0,0
53,445I,3.540084,0,0
54,468V,3.528726,0,0
55,440S,3.52522,0,0
56,529Q,3.511353,0,0
57,460I,3.503949,0,0
58,371A,3.462095,0,0
59,448S,3.461067,0,0
60,522P,3.456341,0,0
61,440I,3.452242,0,0
62,340V,3.441576,0,0
63,440T,3.435372,0,0
64,434V,3.435019,0,0
65,450I,3.424765,0,0
66,477T,3.39714,0,0
67,449H,3.389945,0,0
68,339S,3.37542,0,0
69,450A,3.361905,0,0
70,441F,3.338543,0,0
71,501I,3.32726,0,0
72,516Q,3.29823,0,0
73,485A,3.200773,0,0
74,452V,3.196732,0,0
75,420A,3.144439,0,0
76,490T,3.113453,0,0
77,446A,3.100748,0,0
78,487T,3.08033,0,0
79,460H,3.065438,0,0
80,472L,3.025069,0,0
81,522S,3.008167,0,0
82,494L,2.997898,0,0
83,471V,2.958113,0,0
84,335V,2.955978,0,0
85,529L,2.946065,0,0
86,494A,2.936247,0,0
87,489H,2.935863,0,0
88,456I,2.908447,0,0
89,452S,2.907696,0,0
90,490Y,2.900418,0,0
91,478S,2.866123,0,0
92,417R,2.863565,0,0
93,485D,2.858697,0,0
94,371R,2.856781,0,0
95,471Q,2.854572,0,0
96,430I,2.853945,0,0
97,529E,2.809205,0,0
98,455T,2.775529,0,0
99,371T,2.748774,0,0
100,481E,2.719063,0,0
101,486T,2.699314,0,0
102,458T,2.688577,0,0
103,483K,2.66534,0,0
104,471A,2.646468,0,0
105,370S,2.624779,0,0
106,346S,2.620273,0,0
107,373L,2.619995,0,0
108,449N,2.610491,0,0
109,335S,2.608045,0,0
110,479L,2.606023,0,0
111,460Y,2.573649,0,0
112,496N,2.56962,0,0
113,394S,2.566065,0,0
114,481Q,2.562247,0,0
115,483H,2.539238,0,0
116,445N,2.512565,0,0
117,403S,2.493519,0,0
118,479R,2.477842,0,0
119,486D,2.476401,0,0
120,433I,2.455902,0,0
121,461I,2.440114,0,0
122,470I,2.431256,0,0
123,410V,2.430355,0,0
124,479S,2.423923,0,0
125,450V,2.407444,0,0
126,354H,2.389401,0,0
127,508H,2.387798,0,0
128,484N,2.377146,0,0
129,496T,2.371221,0,0
130,445G,2.363521,0,0
131,481I,2.345636,0,0
132,479H,2.329869,0,0
133,463R,2.319067,0,0
134,427H,2.308045,0,0
135,446R,2.304444,0,0
136,448T,2.303174,0,0
137,406Q,2.298051,0,0
138,505S,2.281054,0,0
139,487K,2.26409,0,0
140,417H,2.257834,0,0
141,385S,2.244823,0,0
142,483P,2.238034,0,0
143,483T,2.23574,0,0
144,463T,2.230356,0,0
145,453S,2.226237,0,0
146,367S,2.215742,0,0
147,529M,2.2153,0,0
148,384H,2.212876,0,0
149,529S,2.204027,0,0
150,344T,2.200098,0,0
151,384A,2.191506,0,0
152,452G,2.179148,0,0
153,486G,2.17807,0,0
154,440Y,2.148659,0,0
155,430P,2.148278,0,0
156,501D,2.131246,0,0
157,529V,2.121178,0,0
158,517V,2.081903,0,0
159,481H,2.079763,0,0
160,459A,2.075487,0,0
161,483R,2.062951,0,0
162,478V,2.055939,0,0
163,481Y,2.051208,0,0
164,484I,2.019847,0,0
165,367F,2.011948,0,0
166,484L,2.010682,0,0
167,460R,2.004307,0,0
168,482A,2.003327,0,0
169,481D,1.988964,0,0
170,441P,1.984807,0,0
171,402V,1.977584,0,0
172,452E,1.95995,0,0
173,444M,1.957731,0,0
174,440D,1.943997,0,0
175,472V,1.936211,0,0
176,441S,1.919606,0,0
177,411S,1.915893,0,0
178,402L,1.911598,0,0
179,380F,1.902078,0,0
180,385A,1.882229,0,0
181,408I,1.880055,0,0
182,427A,1.88005,0,0
183,354S,1.875724,0,0
184,405G,1.873554,0,0
185,332A,1.869087,0,0
186,448D,1.864637,0,0
187,408V,1.861368,0,0
188,375T,1.848995,0,0
189,450S,1.84501,0,0
190,486R,1.835398,0,0
191,339L,1.829412,0,0
192,478A,1.826042,0,0
193,403T,1.825065,0,0
194,478L,1.805533,0,0
195,475T,1.772336,0,0
196,486Y,1.760362,0,0
197,444Q,1.755525,0,0
198,463S,1.737396,0,0
199,356S,1.736357,0,0
200,417A,1.729453,0,0
201,444S,1.722798,0,0
202,455I,1.721532,0,0
203,346A,1.704902,0,0
204,403Q,1.703605,0,0
205,415S,1.702822,0,0
206,482V,1.697588,0,0
207,356R,1.695352,0,0
208,529A,1.69113,0,0
209,346P,1.670435,0,0
210,408A,1.667659,0,0
211,346G,1.653006,0,0
212,482T,1.64827,0,0
213,405H,1.640603,0,0
214,405A,1.632149,0,0
215,504S,1.630367,0,0
216,487S,1.626021,0,0
217,501F,1.623269,0,0
218,450F,1.619123,0,0
219,529I,1.61364,0,0
220,417P,1.602964,0,0
221,357S,1.600486,0,0
222,521R,1.597573,0,0
223,485K,1.594236,0,0
224,473S,1.581815,0,0
225,501N,1.569042,0,0
226,468S,1.564836,0,0
227,371H,1.55974,0,0
228,499T,1.551827,0,0
229,341I,1.548402,0,0
230,456T,1.547496,0,0
231,354D,1.545504,0,0
232,339N,1.529306,0,0
233,408F,1.519409,0,0
234,408K,1.503703,0,0
235,513I,1.499259,0,0
236,443A,1.494862,0,0
237,459F,1.492285,0,0
238,468F,1.478108,0,0
239,458R,1.471385,0,0
240,340S,1.466126,0,0
241,373T,1.459729,0,0
242,375P,1.443898,0,0
243,481L,1.443316,0,0
244,441H,1.428048,0,0
245,441A,1.423089,0,0
246,494T,1.418725,0,0
247,356Q,1.417846,0,0
248,417E,1.416183,0,0
249,372P,1.412721,0,0
250,367K,1.411917,0,0
251,332L,1.404466,0,0
252,367D,1.40167,0,0
253,434L,1.386067,0,0
254,362L,1.379722,0,0
255,450L,1.373687,0,0
256,514F,1.372954,0,0
257,371P,1.359066,0,0
258,452F,1.350363,0,0
259,441V,1.349736,0,0
260,448I,1.347758,0,0
261,486K,1.346961,0,0
262,493S,1.344287,0,0
263,519D,1.344153,0,0
264,445Y,1.341698,0,0
265,449K,1.339497,0,0
266,507S,1.331274,0,0
267,405S,1.325709,0,0
268,477H,1.320605,0,0
269,472T,1.31709,0,0
270,360S,1.289317,0,0
271,486I,1.28766,0,0
272,471D,1.286057,0,0
273,445D,1.279206,0,0
274,503L,1.274945,0,0
275,344V,1.26717,0,0
276,517I,1.262194,0,0
277,455P,1.258488,0,0
278,460V,1.257416,0,0
279,462I,1.253474,0,0
280,482H,1.251964,0,0
281,449V,1.250216,0,0
282,478P,1.249772,0,0
283,419S,1.248937,0,0
284,359R,1.246607,0,0
285,472F,1.23318,0,0
286,455D,1.2269,0,0
287,357T,1.222673,0,0
288,396F,1.213079,0,0
289,427G,1.206216,0,0
290,441N,1.201467,0,0
291,378N,1.197128,0,0
292,367L,1.196035,0,0
293,359N,1.189238,0,0
294,477V,1.184305,0,0
295,455K,1.184073,0,0
296,440H,1.177394,0,0
297,337R,1.169673,0,0
298,490K,1.166955,0,0
299,462L,1.150192,0,0
300,448K,1.134522,0,0
301,408D,1.129096,0,0
302,528I,1.128889,0,0
303,331T,1.120854,0,0
304,493G,1.120828,0,0
305,427V,1.112596,0,0
306,456H,1.105867,0,0
307,503F,1.105105,0,0
308,484E,1.101094,0,0
309,458N,1.100791,0,0
310,405V,1.077999,0,0
311,445T,1.075135,0,0
312,358V,1.073416,0,0
313,506S,1.073167,0,0
314,369S,1.068952,0,0
315,483N,1.062921,0,0
316,474K,1.054259,0,0
317,507A,1.050537,0,0
318,462S,1.044968,0,0
319,385N,1.041444,0,0
320,463A,1.039808,0,0
321,485L,1.028661,0,0
322,338L,1.027818,0,0
323,499S,1.027138,0,0
324,452T,1.023046,0,0
325,428G,1.022722,0,0
326,376F,1.020821,0,0
327,340I,1.009549,0,0
328,372L,1.00864,0,0
329,519S,1.002282,0,0
330,456P,1.001642,0,0
331,359G,0.999835,0,0
332,339P,0.996201,0,0
333,434T,0.990127,0,0
334,452I,0.990072,0,0
335,529G,0.987442,0,0
336,395L,0.987369,0,0
337,482L,0.986164,0,0
338,446F,0.983575,0,0
339,493I,0.974952,0,0
340,376G,0.972859,0,0
341,374L,0.972705,0,0
342,460D,0.971669,0,0
343,493P,0.967534,0,0
344,511I,0.960751,0,0
345,415A,0.959134,0,0
346,403E,0.952086,0,0
347,375L,0.943325,0,0
348,456A,0.932646,0,0
349,367R,0.930033,0,0
350,374I,0.916081,0,0
351,368F,0.911053,0,0
352,402S,0.910474,0,0
353,445K,0.906356,0,0
354,360K,0.898087,0,0
355,450G,0.894216,0,0
356,503A,0.891997,0,0
357,518V,0.891476,0,0
358,373F,0.891058,0,0
359,370T,0.890576,0,0
360,475R,0.890456,0,0
361,450H,0.88623,0,0
362,452H,0.881625,0,0
363,482I,0.879268,0,0
364,475F,0.872158,0,0
365,456R,0.866692,0,0
366,367G,0.863117,0,0
367,333K,0.860856,0,0
368,401L,0.859323,0,0
369,486C,0.857645,0,0
370,490R,0.850339,0,0
371,475L,0.847175,0,0
372,462V,0.845327,0,0
373,523A,0.843359,0,0
374,440F,0.841884,0,0
375,430S,0.835998,0,0
376,363S,0.833125,0,0
377,523N,0.832851,0,0
378,452N,0.829928,0,0
379,478H,0.828929,0,0
380,484F,0.825941,0,0
381,333S,0.82581,0,0
382,456Y,0.824656,0,0
383,485T,0.818355,0,0
384,444E,0.811145,0,0
385,487V,0.803879,0,0
386,513F,0.802776,0,0
387,449R,0.802436,0,0
388,482F,0.800663,0,0
389,478D,0.799952,0,0
390,368S,0.785214,0,0
391,354T,0.783398,0,0
392,356E,0.780464,0,0
393,478F,0.778793,0,0
394,456K,0.770801,0,0
395,366T,0.769095,0,0
396,428A,0.768238,0,0
397,449G,0.762034,0,0
398,493V,0.760868,0,0
399,440V,0.757221,0,0
400,452A,0.753855,0,0
401,334S,0.75145,0,0
402,446K,0.750235,0,0
403,449L,0.750024,0,0
404,490H,0.743803,0,0
405,482N,0.737697,0,0
406,458L,0.736382,0,0
407,473H,0.735235,0,0
408,344D,0.733392,0,0
409,504D,0.728494,0,0
410,462R,0.727074,0,0
411,465A,0.725369,0,0
412,498I,0.71924,0,0
413,458Q,0.71398,0,0
414,376L,0.711144,0,0
415,481V,0.707325,0,0
416,529F,0.703189,0,0
417,453H,0.698263,0,0
418,450T,0.698002,0,0
419,469A,0.697378,0,0
420,417V,0.691236,0,0
421,367H,0.688968,0,0
422,339E,0.683913,0,0
423,385L,0.682521,0,0
424,519P,0.678138,0,0
425,367P,0.675313,0,0
426,465S,0.669956,0,0
427,342L,0.668796,0,0
428,491S,0.656744,0,0
429,417M,0.656476,0,0
430,408C,0.654703,0,0
431,371V,0.654021,0,0
432,444L,0.648096,0,0
433,503S,0.646944,0,0
434,389G,0.645843,0,0
435,425V,0.639867,0,0
436,421F,0.63323,0,0
437,475I,0.625009,0,0
438,517F,0.616496,0,0
439,456D,0.615217,0,0
440,485I,0.614062,0,0
441,477A,0.613435,0,0
442,378R,0.610088,0,0
443,372F,0.604727,0,0
444,449T,0.604319,0,0
445,444P,0.601625,0,0
446,440A,0.594905,0,0
447,393S,0.593076,0,0
448,505F,0.591402,0,0
449,489S,0.590433,0,0
450,356P,0.587634,0,0
451,529P,0.58675,0,0
452,394T,0.586706,0,0
453,450Y,0.586565,0,0
454,337T,0.585194,0,0
455,471S,0.584305,0,0
456,373I,0.584179,0,0
457,370V,0.582113,0,0
458,476A,0.582094,0,0
459,410L,0.565469,0,0
460,378S,0.563653,0,0
461,441T,0.562826,0,0
462,455R,0.562553,0,0
463,369H,0.562277,0,0
464,360T,0.561649,0,0
465,481A,0.558514,0,0
466,376R,0.557566,0,0
467,458I,0.546076,0,0
468,340G,0.544008,0,0
469,428H,0.543481,0,0
470,484H,0.541945,0,0
471,475K,0.537774,0,0
472,384T,0.53114,0,0
473,332T,0.529512,0,0
474,384I,0.528789,0,0
475,460L,0.527605,0,0
476,417K,0.522246,0,0
477,444I,0.518121,0,0
478,468M,0.511863,0,0
479,449F,0.511439,0,0
480,474H,0.509996,0,0
481,494R,0.508697,0,0
482,485P,0.506507,0,0
483,384R,0.501889,0,0
484,493A,0.496203,0,0
485,415P,0.495929,0,0
486,470S,0.48839,0,0
487,434S,0.480916,0,0
488,506V,0.475268,0,0
489,477F,0.474879,0,0
490,448F,0.473709,0,0
491,408L,0.471061,0,0
492,477L,0.466155,0,0
493,503G,0.465415,0,0
494,458S,0.460516,0,0
495,456G,0.452575,0,0
496,356A,0.449378,0,0
497,501S,0.445736,0,0
498,394I,0.442837,0,0
499,471I,0.438943,0,0
500,449I,0.436119,0,0
501,405E,0.434959,0,0
502,485F,0.431947,0,0
503,389A,0.413765,0,0
504,358L,0.413581,0,0
505,348T,0.413345,0,0
506,460A,0.411347,0,0
507,406A,0.409062,0,0
508,360D,0.407884,0,0
509,482P,0.40663,0,0
510,474S,0.402002,0,0
511,499K,0.40154,0,0
512,498K,0.39675,0,0
513,446L,0.389944,0,0
514,367T,0.385848,0,0
515,385K,0.377653,0,0
516,510I,0.375356,0,0
517,420I,0.374388,0,0
518,413A,0.374283,0,0
519,487L,0.372222,0,0
520,367N,0.368687,0,0
521,507V,0.368503,0,0
522,428V,0.366002,0,0
523,376K,0.362531,0,0
524,375I,0.359869,0,0
525,500H,0.358694,0,0
526,440G,0.351172,0,0
527,408H,0.350973,0,0
528,385R,0.35078,0,0
529,368K,0.349589,0,0
530,403N,0.340968,0,0
531,471G,0.336086,0,0
532,446H,0.335767,0,0
533,458V,0.334031,0,0
534,507H,0.331749,0,0
535,457L,0.327122,0,0
536,389S,0.326105,0,0
537,481G,0.325005,0,0
538,362F,0.320969,0,0
539,475D,0.319597,0,0
540,373V,0.315244,0,0
541,362I,0.314784,0,0
542,459I,0.312812,0,0
543,452D,0.311703,0,0
544,441E,0.309572,0,0
545,513V,0.307127,0,0
546,506I,0.304245,0,0
547,439V,0.304223,0,0
548,461S,0.298423,0,0
549,494I,0.295833,0,0
550,507K,0.292284,0,0
551,372T,0.289659,0,0
552,349P,0.287568,0,0
553,479T,0.286739,0,0
554,433S,0.285745,0,0
555,376V,0.280185,0,0
556,441K,0.273684,0,0
557,357A,0.26908,0,0
558,433L,0.268089,0,0
559,340L,0.267699,0,0
560,440L,0.265767,0,0
561,464L,0.261059,0,0
562,500F,0.261013,0,0
563,500R,0.258253,0,0
564,482E,0.257735,0,0
565,478Y,0.253921,0,0
566,444A,0.252677,0,0
567,500K,0.25116,0,0
568,420S,0.244463,0,0
569,514A,0.242816,0,0
570,462F,0.242782,0,0
571,457I,0.239415,0,0
572,499I,0.238003,0,0
573,483E,0.237809,0,0
574,504K,0.235542,0,0
575,418V,0.234398,0,0
576,406D,0.23055,0,0
577,417Y,0.230352,0,0
578,331S,0.228451,0,0
579,372G,0.227196,0,0
580,519R,0.223335,0,0
581,396S,0.223157,0,0
582,453I,0.222122,0,0
583,490C,0.220998,0,0
584,458A,0.220928,0,0
585,420R,0.220336,0,0
586,420L,0.219437,0,0
587,487A,0.215832,0,0
588,346L,0.215166,0,0
589,466S,0.215054,0,0
590,483Y,0.209531,0,0
591,518I,0.208595,0,0
592,388S,0.20629,0,0
593,490D,0.204443,0,0
594,447S,0.201252,0,0
595,332G,0.200733,0,0
596,460G,0.20009,0,0
597,487F,0.197294,0,0
598,485Q,0.197226,0,0
599,417L,0.193176,0,0
600,356N,0.191954,0,0
601,486E,0.190057,0,0
602,529D,0.186447,0,0
603,493F,0.181211,0,0
604,441G,0.178009,0,0
605,471L,0.176028,0,0
606,501V,0.174987,0,0
607,453D,0.174606,0,0
608,415F,0.172245,0,0
609,462A,0.168426,0,0
610,467S,0.166553,0,0
611,474R,0.164568,0,0
612,410S,0.163647,0,0
613,470F,0.163235,0,0
614,406I,0.157939,0,0
615,493T,0.151594,0,0
616,455W,0.147869,0,0
617,462G,0.143588,0,0
618,345K,0.142559,0,0
619,420F,0.141497,0,0
620,461V,0.140284,0,0
621,403I,0.139253,0,0
622,483Q,0.137997,0,0
623,500D,0.131117,0,0
624,487G,0.12923,0,0
625,362S,0.128454,0,0
626,529Y,0.126925,0,0
627,500L,0.125221,0,0
628,337H,0.115231,0,0
629,433N,0.114257,0,0
630,462E,0.111478,0,0
631,466L,0.110896,0,0
632,448A,0.109926,0,0
633,475P,0.108143,0,0
634,465G,0.101083,0,0
635,474E,0.098546,0,0
636,427Y,0.097933,0,0
637,433R,0.091711,0,0
638,498S,0.091681,0,0
639,459V,0.080554,0,0
640,448V,0.078056,0,0
641,476F,0.078047,0,0
642,507I,0.076906,0,0
643,403A,0.074494,0,0
644,384V,0.072942,0,0
645,470A,0.071621,0,0
646,372I,0.066761,0,0
647,456N,0.064007,0,0
648,481F,0.063827,0,0
649,344G,0.061925,0,0
650,335T,0.057302,0,0
651,482Q,0.057197,0,0
652,505K,0.053759,0,0
653,504L,0.052328,0,0
654,450P,0.049727,0,0
655,408T,0.048748,0,0
656,385F,0.048543,0,0
657,384K,0.046898,0,0
658,344I,0.0453,0,0
659,372K,0.045256,0,0
660,504I,0.044824,0,0
661,344F,0.044437,0,0
662,493N,0.044224,0,0
663,510L,0.043794,0,0
664,516A,0.041009,0,0
665,417F,0.033598,0,0
666,490N,0.026524,0,0
667,360V,0.024458,0,0
668,405R,0.023755,0,0
669,345L,0.020788,0,0
670,435I,0.01842,0,0
671,372R,0.018172,0,0
672,344P,0.017989,0,0
673,473V,0.017678,0,0
674,494K,0.015848,0,0
675,403V,0.010918,0,0
676,435T,0.009602,0,0
677,409S,0.000737,0,0
678,370H,0.000697,0,0
679,352V,-0.005072,0,0
680,484Y,-0.006952,0,0
681,464S,-0.008279,0,0
682,378I,-0.009754,0,0
683,401I,-0.01521,0,0
684,487P,-0.019335,0,0
685,441Y,-0.019947,0,0
686,420G,-0.023168,0,0
687,477E,-0.0235,0,0
688,489L,-0.024312,0,0
689,382I,-0.029368,0,0
690,476D,-0.031161,0,0
691,441C,-0.036935,0,0
692,485H,-0.037094,0,0
693,445E,-0.04032,0,0
694,371N,-0.042397,0,0
695,406L,-0.042574,0,0
696,349A,-0.044971,0,0
697,523S,-0.051999,0,0
698,507F,-0.0539,0,0
699,373K,-0.059082,0,0
700,346V,-0.05982,0,0
701,356I,-0.060481,0,0
702,494V,-0.064469,0,0
703,499V,-0.066333,0,0
704,385H,-0.068048,0,0
705,494H,-0.068922,0,0
706,456E,-0.071158,0,0
707,334T,-0.077279,0,0
708,466I,-0.07745,0,0
709,444V,-0.080123,0,0
710,406S,-0.081442,0,0
711,486N,-0.08513,0,0
712,385V,-0.085229,0,0
713,337S,-0.085341,0,0
714,506L,-0.085964,0,0
715,367E,-0.088756,0,0
716,344K,-0.089071,0,0
717,453A,-0.091211,0,0
718,459L,-0.091385,0,0
719,437S,-0.0923,0,0
720,375Y,-0.092383,0,0
721,451L,-0.092885,0,0
722,505A,-0.093544,0,0
723,505T,-0.097183,0,0
724,506T,-0.099595,0,0
725,374S,-0.104894,0,0
726,519I,-0.10623,0,0
727,414R,-0.108794,0,0
728,483C,-0.111264,0,0
729,503R,-0.112368,0,0
730,441D,-0.113274,0,0
731,448L,-0.115667,0,0
732,403L,-0.115741,0,0
733,493D,-0.118067,0,0
734,498A,-0.118708,0,0
735,370L,-0.118837,0,0
736,357V,-0.12011,0,0
737,477Y,-0.120114,0,0
738,365F,-0.120381,0,0
739,375N,-0.135839,0,0
740,360L,-0.14016,0,0
741,417G,-0.143838,0,0
742,378A,-0.147107,0,0
743,449E,-0.148054,0,0
744,500V,-0.14887,0,0
745,408P,-0.152245,0,0
746,504T,-0.155836,0,0
747,435F,-0.159521,0,0
748,420V,-0.160094,0,0
749,351F,-0.163083,0,0
750,519N,-0.164234,0,0
751,506F,-0.167807,0,0
752,491F,-0.170439,0,0
753,503N,-0.172888,0,0
754,342I,-0.173266,0,0
755,370D,-0.173954,0,0
756,489F,-0.174457,0,0
757,344L,-0.177004,0,0
758,507D,-0.177799,0,0
759,449A,-0.178503,0,0
760,453L,-0.179602,0,0
761,446P,-0.179804,0,0
762,375V,-0.180418,0,0
763,356V,-0.181211,0,0
764,341L,-0.181571,0,0
765,346F,-0.181618,0,0
766,529H,-0.181855,0,0
767,427N,-0.184242,0,0
768,370Y,-0.186404,0,0
769,414S,-0.188364,0,0
770,508I,-0.189845,0,0
771,475N,-0.19088,0,0
772,496I,-0.192887,0,0
773,356L,-0.195969,0,0
774,505V,-0.19681,0,0
775,501L,-0.197436,0,0
776,508L,-0.19765,0,0
777,460F,-0.197937,0,0
778,462N,-0.199585,0,0
779,457V,-0.202254,0,0
780,455H,-0.205704,0,0
781,457S,-0.208565,0,0
782,465D,-0.211112,0,0
783,436F,-0.214761,0,0
784,445C,-0.215407,0,0
785,450R,-0.216507,0,0
786,519A,-0.218949,0,0
787,446C,-0.221741,0,0
788,409L,-0.223225,0,0
789,470V,-0.230283,0,0
790,333I,-0.231565,0,0
791,471F,-0.234056,0,0
792,454L,-0.243689,0,0
793,472S,-0.243963,0,0
794,505I,-0.245516,0,0
795,468R,-0.2456,0,0
796,438A,-0.248549,0,0
797,505G,-0.251849,0,0
798,340F,-0.253216,0,0
799,485E,-0.254072,0,0
800,403F,-0.254432,0,0
801,501R,-0.258834,0,0
802,513S,-0.261359,0,0
803,519T,-0.264964,0,0
804,366I,-0.266148,0,0
805,504R,-0.268215,0,0
806,428E,-0.268487,0,0
807,450C,-0.268554,0,0
808,376E,-0.270822,0,0
809,439R,-0.271652,0,0
810,506H,-0.271882,0,0
811,339Q,-0.275489,0,0
812,519G,-0.276059,0,0
813,475G,-0.277627,0,0
814,498N,-0.278912,0,0
815,409E,-0.292451,0,0
816,519K,-0.292558,0,0
817,499D,-0.292611,0,0
818,520V,-0.293335,0,0
819,528R,-0.30218,0,0
820,479I,-0.304913,0,0
821,375G,-0.305829,0,0
822,473L,-0.305983,0,0
823,370A,-0.306199,0,0
824,504F,-0.306229,0,0
825,366V,-0.307495,0,0
826,482Y,-0.309985,0,0
827,470L,-0.310769,0,0
828,476I,-0.311033,0,0
829,460P,-0.311292,0,0
830,453K,-0.313281,0,0
831,407L,-0.31482,0,0
832,473T,-0.315838,0,0
833,521Q,-0.318296,0,0
834,433T,-0.319967,0,0
835,420T,-0.323825,0,0
836,435L,-0.324478,0,0
837,511F,-0.332649,0,0
838,467L,-0.332967,0,0
839,332D,-0.336999,0,0
840,439F,-0.337316,0,0
841,374V,-0.348392,0,0
842,372D,-0.349221,0,0
843,442S,-0.350175,0,0
844,440P,-0.351241,0,0
845,458G,-0.362256,0,0
846,427S,-0.362806,0,0
847,503K,-0.365925,0,0
848,490G,-0.367097,0,0
849,372S,-0.372868,0,0
850,478C,-0.375347,0,0
851,357F,-0.375551,0,0
852,449P,-0.378535,0,0
853,453V,-0.380015,0,0
854,340R,-0.380193,0,0
855,490E,-0.380495,0,0
856,519V,-0.381773,0,0
857,504H,-0.382819,0,0
858,378Q,-0.386461,0,0
859,488L,-0.387091,0,0
860,516V,-0.391099,0,0
861,475H,-0.391388,0,0
862,338I,-0.392653,0,0
863,367Y,-0.395795,0,0
864,378L,-0.39687,0,0
865,501H,-0.400536,0,0
866,503T,-0.400691,0,0
867,494F,-0.401201,0,0
868,345R,-0.402239,0,0
869,357L,-0.40273,0,0
870,504N,-0.404187,0,0
871,506K,-0.405202,0,0
872,468P,-0.405316,0,0
873,496L,-0.408757,0,0
874,331V,-0.410584,0,0
875,457F,-0.416787,0,0
876,376H,-0.418125,0,0
877,506G,-0.427106,0,0
878,404S,-0.43101,0,0
879,493Y,-0.431731,0,0
880,519E,-0.433997,0,0
881,455G,-0.434779,0,0
882,488I,-0.436032,0,0
883,451I,-0.436602,0,0
884,415R,-0.437282,0,0
885,490Q,-0.440205,0,0
886,480L,-0.440222,0,0
887,481P,-0.440804,0,0
888,375R,-0.441176,0,0
889,375K,-0.44802,0,0
890,466A,-0.449242,0,0
891,448G,-0.449839,0,0
892,487H,-0.450212,0,0
893,468K,-0.450589,0,0
894,356G,-0.451956,0,0
895,501A,-0.45207,0,0
896,403P,-0.452818,0,0
897,405T,-0.457488,0,0
898,444G,-0.458303,0,0
899,370F,-0.461901,0,0
900,452Y,-0.464575,0,0
901,406F,-0.465316,0,0
902,340T,-0.466888,0,0
903,339F,-0.466973,0,0
904,368T,-0.468661,0,0
905,366N,-0.472525,0,0
906,522T,-0.47473,0,0
907,468A,-0.479955,0,0
908,403D,-0.480917,0,0
909,500G,-0.488865,0,0
910,442F,-0.491213,0,0
911,438I,-0.491945,0,0
912,339I,-0.493946,0,0
913,496F,-0.495055,0,0
914,371G,-0.496803,0,0
915,352D,-0.498828,0,0
916,393F,-0.499075,0,0
917,378T,-0.499618,0,0
918,446E,-0.50107,0,0
919,345F,-0.50241,0,0
920,516S,-0.506113,0,0
921,468D,-0.52018,0,0
922,384F,-0.520669,0,0
923,375H,-0.528316,0,0
924,518S,-0.530756,0,0
925,373D,-0.533335,0,0
926,436H,-0.53647,0,0
927,459R,-0.536503,0,0
928,506A,-0.537522,0,0
929,466V,-0.542525,0,0
930,474F,-0.550566,0,0
931,489R,-0.554462,0,0
932,496R,-0.555116,0,0
933,384D,-0.557722,0,0
934,500E,-0.557872,0,0
935,512I,-0.558124,0,0
936,503H,-0.559039,0,0
937,501G,-0.560602,0,0
938,373G,-0.561364,0,0
939,413S,-0.562492,0,0
940,489A,-0.566328,0,0
941,489K,-0.566958,0,0
942,455C,-0.567578,0,0
943,335I,-0.567609,0,0
944,347V,-0.568688,0,0
945,402T,-0.571803,0,0
946,493C,-0.572131,0,0
947,405F,-0.572332,0,0
948,470R,-0.573609,0,0
949,480S,-0.575316,0,0
950,343L,-0.575384,0,0
951,507N,-0.57599,0,0
952,389E,-0.57671,0,0
953,487Y,-0.582712,0,0
954,427F,-0.583217,0,0
955,489V,-0.583516,0,0
956,385G,-0.586441,0,0
957,367Q,-0.586606,0,0
958,450E,-0.587192,0,0
959,492V,-0.590568,0,0
960,458F,-0.592076,0,0
961,439L,-0.593995,0,0
962,368A,-0.594347,0,0
963,459P,-0.594398,0,0
964,345V,-0.596288,0,0
965,389N,-0.597292,0,0
966,500Y,-0.600827,0,0
967,466T,-0.600883,0,0
968,506N,-0.603442,0,0
969,470G,-0.604586,0,0
970,339T,-0.605045,0,0
971,331L,-0.607081,0,0
972,376C,-0.61108,0,0
973,378V,-0.611543,0,0
974,436I,-0.612139,0,0
975,360Y,-0.61511,0,0
976,479V,-0.615634,0,0
977,404F,-0.616761,0,0
978,357D,-0.619936,0,0
979,485N,-0.622023,0,0
980,499N,-0.622712,0,0
981,474P,-0.624598,0,0
982,432V,-0.630206,0,0
983,470K,-0.630512,0,0
984,420P,-0.632293,0,0
985,346D,-0.633122,0,0
986,521L,-0.640521,0,0
987,417D,-0.640938,0,0
988,504E,-0.64155,0,0
989,520G,-0.641944,0,0
990,428S,-0.642017,0,0
991,359V,-0.642772,0,0
992,393A,-0.643907,0,0
993,476K,-0.645987,0,0
994,366G,-0.646065,0,0
995,486Q,-0.646238,0,0
996,369L,-0.650792,0,0
997,360F,-0.651149,0,0
998,476T,-0.653963,0,0
999,334A,-0.654668,0,0
1000,489I,-0.655412,0,0
1001,363V,-0.65725,0,0
1002,485Y,-0.657907,0,0
1003,366R,-0.660959,0,0
1004,385E,-0.661441,0,0
1005,384G,-0.663662,0,0
1006,505E,-0.665068,0,0
1007,435K,-0.665307,0,0
1008,409T,-0.669363,0,0
1009,385P,-0.671311,0,0
1010,448R,-0.67136,0,0
1011,491V,-0.674151,0,0
1012,385D,-0.677497,0,0
1013,440Q,-0.679169,0,0
1014,518Q,-0.679764,0,0
1015,502F,-0.687815,0,0
1016,520T,-0.688279,0,0
1017,375D,-0.689113,0,0
1018,530L,-0.689465,0,0
1019,491A,-0.689622,0,0
1020,378G,-0.691136,0,0
1021,460M,-0.692957,0,0
1022,335P,-0.693447,0,0
1023,345G,-0.695345,0,0
1024,435R,-0.695668,0,0
1025,335R,-0.6977,0,0
1026,476L,-0.698064,0,0
1027,439I,-0.698563,0,0
1028,364S,-0.699143,0,0
1029,488N,-0.70055,0,0
1030,370I,-0.703111,0,0
1031,414H,-0.704816,0,0
1032,359L,-0.705178,0,0
1033,443I,-0.706536,0,0
1034,481C,-0.709857,0,0
1035,471T,-0.710806,0,0
1036,465I,-0.713357,0,0
1037,348V,-0.714302,0,0
1038,495L,-0.714375,0,0
1039,522L,-0.714986,0,0
1040,479F,-0.715644,0,0
1041,339K,-0.718545,0,0
1042,498H,-0.719208,0,0
1043,370G,-0.719975,0,0
1044,469F,-0.720771,0,0
1045,442I,-0.723702,0,0
1046,427I,-0.725101,0,0
1047,507Y,-0.725447,0,0
1048,436S,-0.727107,0,0
1049,494D,-0.727969,0,0
1050,454A,-0.728354,0,0
1051,451S,-0.730889,0,0
1052,487R,-0.732963,0,0
1053,360A,-0.733233,0,0
1054,515S,-0.733847,0,0
1055,420K,-0.735161,0,0
1056,349L,-0.735381,0,0
1057,458M,-0.735452,0,0
1058,431K,-0.735737,0,0
1059,494G,-0.735801,0,0
1060,359A,-0.736553,0,0
1061,454F,-0.739788,0,0
1062,458E,-0.740162,0,0
1063,408E,-0.740861,0,0
1064,397L,-0.741028,0,0
1065,496V,-0.7445,0,0
1066,409V,-0.745146,0,0
1067,367C,-0.745575,0,0
1068,519F,-0.747587,0,0
1069,373H,-0.748914,0,0
1070,501P,-0.753374,0,0
1071,443V,-0.754549,0,0
1072,484M,-0.754625,0,0
1073,389I,-0.757333,0,0
1074,455Y,-0.75914,0,0
1075,500P,-0.760763,0,0
1076,457A,-0.761401,0,0
1077,332R,-0.761732,0,0
1078,404I,-0.763324,0,0
1079,528T,-0.763331,0,0
1080,494N,-0.76391,0,0
1081,337L,-0.764977,0,0
1082,442V,-0.765287,0,0
1083,510S,-0.767798,0,0
1084,409I,-0.768917,0,0
1085,434F,-0.770253,0,0
1086,451P,-0.771479,0,0
1087,381R,-0.776572,0,0
1088,430L,-0.777832,0,0
1089,462D,-0.781217,0,0
1090,430F,-0.781592,0,0
1091,435H,-0.781709,0,0
1092,333A,-0.782341,0,0
1093,369V,-0.784742,0,0
1094,467I,-0.785443,0,0
1095,473R,-0.788195,0,0
1096,518R,-0.788603,0,0
1097,438N,-0.791514,0,0
1098,505L,-0.792409,0,0
1099,369F,-0.79246,0,0
1100,506D,-0.79284,0,0
1101,467T,-0.795375,0,0
1102,415K,-0.796534,0,0
1103,503D,-0.797589,0,0
1104,340P,-0.801358,0,0
1105,439G,-0.801413,0,0
1106,432L,-0.80326,0,0
1107,508A,-0.803286,0,0
1108,334V,-0.803821,0,0
1109,474V,-0.804462,0,0
1110,483M,-0.805422,0,0
1111,373R,-0.80587,0,0
1112,462C,-0.808569,0,0
1113,494E,-0.809742,0,0
1114,411T,-0.812815,0,0
1115,516L,-0.813735,0,0
1116,359E,-0.814335,0,0
1117,496A,-0.81485,0,0
1118,509L,-0.81676,0,0
1119,509V,-0.81806,0,0
1120,491I,-0.819311,0,0
1121,521K,-0.819539,0,0
1122,479K,-0.82001,0,0
1123,521V,-0.820782,0,0
1124,411K,-0.823389,0,0
1125,484C,-0.823717,0,0
1126,496C,-0.823735,0,0
1127,402K,-0.824068,0,0
1128,433P,-0.824924,0,0
1129,447K,-0.825805,0,0
1130,371E,-0.827192,0,0
1131,375E,-0.827285,0,0
1132,520E,-0.827446,0,0
1133,451V,-0.831282,0,0
1134,392S,-0.832497,0,0
1135,345D,-0.833337,0,0
1136,507G,-0.833593,0,0
1137,465F,-0.834426,0,0
1138,474I,-0.836288,0,0
1139,365S,-0.836987,0,0
1140,336S,-0.838603,0,0
1141,340N,-0.840264,0,0
1142,522R,-0.840779,0,0
1143,441Q,-0.841189,0,0
1144,380I,-0.842458,0,0
1145,478M,-0.842947,0,0
1146,516R,-0.844855,0,0
1147,447F,-0.846193,0,0
1148,451R,-0.848321,0,0
1149,439A,-0.850481,0,0
1150,460Q,-0.855305,0,0
1151,388V,-0.855444,0,0
1152,522E,-0.856545,0,0
1153,489P,-0.858815,0,0
1154,438L,-0.859353,0,0
1155,384N,-0.860491,0,0
1156,518P,-0.860493,0,0
1157,433H,-0.861055,0,0
1158,386S,-0.864062,0,0
1159,516G,-0.864884,0,0
1160,472R,-0.86532,0,0
1161,528A,-0.868513,0,0
1162,334F,-0.868941,0,0
1163,397V,-0.869864,0,0
1164,508R,-0.87034,0,0
1165,462H,-0.874655,0,0
1166,348L,-0.880538,0,0
1167,467V,-0.882609,0,0
1168,453T,-0.882774,0,0
1169,505D,-0.883418,0,0
1170,343I,-0.883915,0,0
1171,348H,-0.884305,0,0
1172,389H,-0.884612,0,0
1173,453R,-0.884703,0,0
1174,405L,-0.890185,0,0
1175,498F,-0.892704,0,0
1176,530V,-0.893632,0,0
1177,424S,-0.899212,0,0
1178,366K,-0.900134,0,0
1179,462Y,-0.900242,0,0
1180,424V,-0.902212,0,0
1181,376P,-0.9023,0,0
1182,382S,-0.912112,0,0
1183,368M,-0.916865,0,0
1184,439S,-0.91806,0,0
1185,459G,-0.919402,0,0
1186,388I,-0.919747,0,0
1187,454V,-0.919867,0,0
1188,461A,-0.920373,0,0
1189,409K,-0.921994,0,0
1190,504V,-0.924059,0,0
1191,332P,-0.924452,0,0
1192,499G,-0.928247,0,0
1193,495I,-0.929748,0,0
1194,456Q,-0.933385,0,0
1195,520K,-0.936041,0,0
1196,354R,-0.93762,0,0
1197,332F,-0.938552,0,0
1198,480V,-0.939,0,0
1199,368N,-0.939316,0,0
1200,348E,-0.941353,0,0
1201,431L,-0.941441,0,0
1202,475E,-0.941951,0,0
1203,477Q,-0.943217,0,0
1204,364T,-0.946841,0,0
1205,339V,-0.947037,0,0
1206,378H,-0.947475,0,0
1207,516K,-0.948544,0,0
1208,388L,-0.949351,0,0
1209,388K,-0.950619,0,0
1210,394D,-0.952978,0,0
1211,504P,-0.953372,0,0
1212,386L,-0.954169,0,0
1213,505N,-0.954555,0,0
1214,343A,-0.955445,0,0
1215,503E,-0.955742,0,0
1216,437V,-0.956758,0,0
1217,415L,-0.957595,0,0
1218,511L,-0.959703,0,0
1219,428F,-0.961152,0,0
1220,510K,-0.962794,0,0
1221,517S,-0.96314,0,0
1222,488H,-0.963249,0,0
1223,394L,-0.965431,0,0
1224,421I,-0.968128,0,0
1225,522K,-0.968754,0,0
1226,499F,-0.969374,0,0
1227,394H,-0.970624,0,0
1228,516I,-0.975393,0,0
1229,451T,-0.977657,0,0
1230,453G,-0.979508,0,0
1231,456C,-0.981407,0,0
1232,507T,-0.982008,0,0
1233,368V,-0.983539,0,0
1234,515L,-0.983611,0,0
1235,368G,-0.9863,0,0
1236,492T,-0.98684,0,0
1237,438V,-0.987515,0,0
1238,436A,-0.987611,0,0
1239,528S,-0.988249,0,0
1240,491D,-0.99015,0,0
1241,434M,-0.990765,0,0
1242,459N,-0.994943,0,0
1243,380L,-0.995111,0,0
1244,452P,-0.995975,0,0
1245,344R,-0.996985,0,0
1246,499Q,-0.997044,0,0
1247,476H,-1.007875,0,0
1248,334L,-1.008546,0,0
1249,516D,-1.00943,0,0
1250,471R,-1.011129,0,0
1251,366D,-1.011467,0,0
1252,439T,-1.012629,0,0
1253,372N,-1.012672,0,0
1254,503P,-1.013842,0,0
1255,487Q,-1.01592,0,0
1256,431T,-1.016309,0,0
1257,462P,-1.018239,0,0
1258,519C,-1.019387,0,0
1259,389L,-1.0199,0,0
1260,366L,-1.020111,0,0
1261,521A,-1.022408,0,0
1262,527V,-1.023022,0,0
1263,512S,-1.026888,0,0
1264,414E,-1.030127,0,0
1265,519Y,-1.032987,0,0
1266,414L,-1.035137,0,0
1267,357G,-1.038615,0,0
1268,476V,-1.042572,0,0
1269,520L,-1.043499,0,0
1270,495V,-1.044915,0,0
1271,468H,-1.045131,0,0
1272,424N,-1.048457,0,0
1273,500C,-1.049374,0,0
1274,364L,-1.049542,0,0
1275,508N,-1.051584,0,0
1276,440C,-1.056589,0,0
1277,370R,-1.05736,0,0
1278,453P,-1.059293,0,0
1279,406R,-1.059313,0,0
1280,442R,-1.066056,0,0
1281,354V,-1.066513,0,0
1282,352F,-1.067767,0,0
1283,442T,-1.068223,0,0
1284,356F,-1.06878,0,0
1285,369T,-1.070935,0,0
1286,427L,-1.07304,0,0
1287,421N,-1.074665,0,0
1288,516N,-1.076477,0,0
1289,389T,-1.077591,0,0
1290,404A,-1.082933,0,0
1291,342V,-1.084513,0,0
1292,447I,-1.08572,0,0
1293,360P,-1.086404,0,0
1294,491N,-1.088822,0,0
1295,491K,-1.091635,0,0
1296,411V,-1.092338,0,0
1297,415I,-1.092742,0,0
1298,470D,-1.093068,0,0
1299,469V,-1.094786,0,0
1300,373N,-1.096053,0,0
1301,528L,-1.097564,0,0
1302,529C,-1.101731,0,0
1303,360G,-1.101884,0,0
1304,378D,-1.105302,0,0
1305,466N,-1.108634,0,0
1306,463V,-1.109151,0,0
1307,406H,-1.110808,0,0
1308,348R,-1.112078,0,0
1309,514I,-1.113633,0,0
1310,432I,-1.118196,0,0
1311,447L,-1.119388,0,0
1312,465L,-1.121002,0,0
1313,488A,-1.121285,0,0
1314,456M,-1.122502,0,0
1315,522F,-1.122615,0,0
1316,404T,-1.125021,0,0
1317,374A,-1.125149,0,0
1318,408Y,-1.126586,0,0
1319,334R,-1.127577,0,0
1320,402R,-1.136875,0,0
1321,528Q,-1.140563,0,0
1322,495R,-1.143326,0,0
1323,403H,-1.145392,0,0
1324,354Y,-1.145489,0,0
1325,404L,-1.14582,0,0
1326,494Q,-1.146568,0,0
1327,477P,-1.147508,0,0
1328,371K,-1.147983,0,0
1329,470P,-1.148453,0,0
1330,528N,-1.152844,0,0
1331,449Q,-1.154292,0,0
1332,488E,-1.156789,0,0
1333,471P,-1.158753,0,0
1334,508F,-1.159712,0,0
1335,357P,-1.162086,0,0
1336,428L,-1.163032,0,0
1337,463F,-1.163106,0,0
1338,496K,-1.164736,0,0
1339,407S,-1.165357,0,0
1340,498T,-1.165409,0,0
1341,433K,-1.170057,0,0
1342,458P,-1.170681,0,0
1343,502N,-1.171024,0,0
1344,372H,-1.171947,0,0
1345,353S,-1.172551,0,0
1346,396H,-1.172717,0,0
1347,512F,-1.174676,0,0
1348,345N,-1.177706,0,0
1349,372E,-1.177942,0,0
1350,466F,-1.182834,0,0
1351,451A,-1.185633,0,0
1352,414N,-1.187594,0,0
1353,476R,-1.188144,0,0
1354,341S,-1.189463,0,0
1355,437L,-1.190189,0,0
1356,389R,-1.191004,0,0
1357,354G,-1.195282,0,0
1358,469I,-1.196255,0,0
1359,498V,-1.196292,0,0
1360,413V,-1.197072,0,0
1361,471K,-1.198783,0,0
1362,476P,-1.198799,0,0
1363,371D,-1.199286,0,0
1364,369I,-1.199627,0,0
1365,404H,-1.2005,0,0
1366,333F,-1.200514,0,0
1367,480I,-1.201188,0,0
1368,415V,-1.202419,0,0
1369,523P,-1.202772,0,0
1370,348F,-1.204921,0,0
1371,459D,-1.205994,0,0
1372,489T,-1.206212,0,0
1373,502T,-1.206333,0,0
1374,507E,-1.208031,0,0
1375,389F,-1.211647,0,0
1376,455N,-1.21551,0,0
1377,512A,-1.21706,0,0
1378,497K,-1.217492,0,0
1379,388A,-1.219722,0,0
1380,406T,-1.220558,0,0
1381,443R,-1.222587,0,0
1382,401S,-1.223917,0,0
1383,427E,-1.22465,0,0
1384,428I,-1.224695,0,0
1385,363F,-1.224931,0,0
1386,393L,-1.225112,0,0
1387,448P,-1.225531,0,0
1388,472P,-1.226799,0,0
1389,406N,-1.232719,0,0
1390,467K,-1.234644,0,0
1391,343V,-1.234767,0,0
1392,350A,-1.236984,0,0
1393,390S,-1.237957,0,0
1394,334G,-1.238013,0,0
1395,503Y,-1.238083,0,0
1396,511N,-1.243556,0,0
1397,436K,-1.247243,0,0
1398,376Q,-1.251596,0,0
1399,498D,-1.251692,0,0
1400,506P,-1.252341,0,0
1401,402D,-1.252622,0,0
1402,420H,-1.2547,0,0
1403,495T,-1.254709,0,0
1404,394V,-1.255564,0,0
1405,502I,-1.256153,0,0
1406,343R,-1.256539,0,0
1407,383I,-1.257808,0,0
1408,346N,-1.258213,0,0
1409,403G,-1.259744,0,0
1410,503C,-1.260428,0,0
1411,495A,-1.261225,0,0
1412,514L,-1.262441,0,0
1413,459K,-1.262478,0,0
1414,334Y,-1.263341,0,0
1415,433G,-1.263415,0,0
1416,434N,-1.265179,0,0
1417,435N,-1.266853,0,0
1418,414T,-1.266874,0,0
1419,442P,-1.273591,0,0
1420,439Y,-1.276115,0,0
1421,492K,-1.276896,0,0
1422,459Y,-1.278204,0,0
1423,414I,-1.281314,0,0
1424,342A,-1.284559,0,0
1425,511S,-1.287717,0,0
1426,431I,-1.288169,0,0
1427,405P,-1.289855,0,0
1428,430V,-1.290407,0,0
1429,468G,-1.290533,0,0
1430,479G,-1.290657,0,0
1431,354F,-1.291462,0,0
1432,489G,-1.294337,0,0
1433,488P,-1.298499,0,0
1434,455Q,-1.299915,0,0
1435,459H,-1.301308,0,0
1436,414V,-1.303747,0,0
1437,468C,-1.306562,0,0
1438,454N,-1.306618,0,0
1439,377T,-1.306705,0,0
1440,364N,-1.318703,0,0
1441,407N,-1.319507,0,0
1442,378F,-1.319521,0,0
1443,420E,-1.319943,0,0
1444,438H,-1.321359,0,0
1445,492G,-1.32167,0,0
1446,467F,-1.322396,0,0
1447,502L,-1.323869,0,0
1448,362T,-1.325402,0,0
1449,430A,-1.325906,0,0
1450,507C,-1.331795,0,0
1451,479D,-1.332604,0,0
1452,521I,-1.334643,0,0
1453,442L,-1.338071,0,0
1454,470H,-1.338497,0,0
1455,458H,-1.342,0,0
1456,431F,-1.342326,0,0
1457,499E,-1.343448,0,0
1458,461T,-1.343459,0,0
1459,479A,-1.343945,0,0
1460,437I,-1.345271,0,0
1461,522D,-1.34594,0,0
1462,370P,-1.347852,0,0
1463,520P,-1.348039,0,0
1464,438R,-1.350843,0,0
1465,502H,-1.353484,0,0
1466,424R,-1.353953,0,0
1467,428R,-1.35431,0,0
1468,447H,-1.355857,0,0
1469,362K,-1.359199,0,0
1470,504Q,-1.360722,0,0
1471,514V,-1.362127,0,0
1472,415G,-1.363059,0,0
1473,414G,-1.363247,0,0
1474,359F,-1.363455,0,0
1475,366E,-1.36352,0,0
1476,358R,-1.364555,0,0
1477,505P,-1.365486,0,0
1478,465T,-1.366329,0,0
1479,362R,-1.367421,0,0
1480,499C,-1.368326,0,0
1481,420Q,-1.370454,0,0
1482,514T,-1.370749,0,0
1483,508V,-1.371171,0,0
1484,508G,-1.371703,0,0
1485,451K,-1.372881,0,0
1486,396L,-1.373713,0,0
1487,395S,-1.374028,0,0
1488,332S,-1.37507,0,0
1489,335H,-1.376111,0,0
1490,492R,-1.377192,0,0
1491,438G,-1.377316,0,0
1492,457D,-1.382739,0,0
1493,432D,-1.382936,0,0
1494,362N,-1.384151,0,0
1495,379I,-1.385867,0,0
1496,395A,-1.386093,0,0
1497,479N,-1.386188,0,0
1498,431N,-1.388922,0,0
1499,433E,-1.389206,0,0
1500,350I,-1.389523,0,0
1501,405I,-1.38987,0,0
1502,488T,-1.391141,0,0
1503,416I,-1.392086,0,0
1504,488V,-1.393363,0,0
1505,415H,-1.393643,0,0
1506,331A,-1.395744,0,0
1507,500Q,-1.396907,0,0
1508,444F,-1.397653,0,0
1509,405K,-1.400479,0,0
1510,416N,-1.401687,0,0
1511,356Y,-1.403013,0,0
1512,393I,-1.40437,0,0
1513,395I,-1.404923,0,0
1514,523I,-1.405155,0,0
1515,357N,-1.406025,0,0
1516,450Q,-1.406482,0,0
1517,457T,-1.406673,0,0
1518,444H,-1.409309,0,0
1519,517H,-1.40975,0,0
1520,470E,-1.409759,0,0
1521,359K,-1.411177,0,0
1522,399I,-1.411403,0,0
1523,471N,-1.412778,0,0
1524,474A,-1.412983,0,0
1525,479E,-1.416959,0,0
1526,447T,-1.42025,0,0
1527,446Q,-1.421491,0,0
1528,437F,-1.422027,0,0
1529,397I,-1.425701,0,0
1530,331K,-1.426021,0,0
1531,454H,-1.426579,0,0
1532,374T,-1.429103,0,0
1533,408Q,-1.429799,0,0
1534,394F,-1.430717,0,0
1535,521H,-1.435639,0,0
1536,530I,-1.43572,0,0
1537,334D,-1.435819,0,0
1538,511R,-1.43605,0,0
1539,437R,-1.436061,0,0
1540,421L,-1.436653,0,0
1541,518F,-1.437997,0,0
1542,373E,-1.439169,0,0
1543,335K,-1.440153,0,0
1544,522H,-1.440605,0,0
1545,398S,-1.444202,0,0
1546,369R,-1.447669,0,0
1547,448H,-1.450546,0,0
1548,491Y,-1.451428,0,0
1549,346H,-1.451495,0,0
1550,508K,-1.452741,0,0
1551,475M,-1.454491,0,0
1552,469T,-1.455422,0,0
1553,474T,-1.456907,0,0
1554,394A,-1.463268,0,0
1555,413R,-1.464347,0,0
1556,333L,-1.466954,0,0
1557,344N,-1.466995,0,0
1558,488K,-1.467216,0,0
1559,511H,-1.471492,0,0
1560,383N,-1.471864,0,0
1561,380S,-1.472381,0,0
1562,382F,-1.476496,0,0
1563,458D,-1.482205,0,0
1564,390I,-1.484141,0,0
1565,498G,-1.48557,0,0
1566,332K,-1.485997,0,0
1567,523L,-1.487421,0,0
1568,413I,-1.488101,0,0
1569,408M,-1.488788,0,0
1570,364R,-1.490628,0,0
1571,413F,-1.491233,0,0
1572,463I,-1.491379,0,0
1573,432H,-1.49659,0,0
1574,331F,-1.496846,0,0
1575,414D,-1.498068,0,0
1576,499Y,-1.499983,0,0
1577,463D,-1.50008,0,0
1578,473P,-1.500455,0,0
1579,331I,-1.502629,0,0
1580,475C,-1.504344,0,0
1581,435E,-1.506344,0,0
1582,439P,-1.506367,0,0
1583,363L,-1.506761,0,0
1584,368D,-1.507803,0,0
1585,516T,-1.51153,0,0
1586,377R,-1.514199,0,0
1587,385Y,-1.515815,0,0
1588,508S,-1.516171,0,0
1589,469K,-1.516313,0,0
1590,525L,-1.51638,0,0
1591,363H,-1.517417,0,0
1592,409N,-1.518641,0,0
1593,345H,-1.51968,0,0
1594,510R,-1.523057,0,0
1595,362P,-1.523144,0,0
1596,503Q,-1.524316,0,0
1597,361V,-1.52585,0,0
1598,510T,-1.527999,0,0
1599,524G,-1.52852,0,0
1600,346Y,-1.529218,0,0
1601,368E,-1.533285,0,0
1602,343G,-1.535498,0,0
1603,492D,-1.536916,0,0
1604,430N,-1.5381,0,0
1605,523R,-1.539024,0,0
1606,520R,-1.539842,0,0
1607,520D,-1.540939,0,0
1608,443L,-1.542346,0,0
1609,524S,-1.543619,0,0
1610,523K,-1.545656,0,0
1611,364K,-1.546037,0,0
1612,447V,-1.546879,0,0
1613,366H,-1.54721,0,0
1614,480H,-1.551,0,0
1615,363D,-1.551954,0,0
1616,384C,-1.552705,0,0
1617,520I,-1.553152,0,0
1618,402P,-1.553477,0,0
1619,432A,-1.556242,0,0
1620,332M,-1.556331,0,0
1621,356M,-1.557872,0,0
1622,349I,-1.557959,0,0
1623,474L,-1.561007,0,0
1624,521F,-1.562992,0,0
1625,496Y,-1.564658,0,0
1626,360R,-1.566273,0,0
1627,434H,-1.56817,0,0
1628,380V,-1.568618,0,0
1629,333V,-1.569134,0,0
1630,465H,-1.570343,0,0
1631,331R,-1.570358,0,0
1632,509T,-1.572734,0,0
1633,404N,-1.574256,0,0
1634,368P,-1.576669,0,0
1635,359I,-1.580662,0,0
1636,508D,-1.580955,0,0
1637,374N,-1.581282,0,0
1638,437A,-1.584649,0,0
1639,372Q,-1.585383,0,0
1640,381I,-1.586646,0,0
1641,383V,-1.586757,0,0
1642,340H,-1.587209,0,0
1643,388F,-1.589388,0,0
1644,401A,-1.590199,0,0
1645,405Y,-1.591706,0,0
1646,483W,-1.595501,0,0
1647,342H,-1.595851,0,0
1648,386V,-1.596354,0,0
1649,426I,-1.597703,0,0
1650,346E,-1.598877,0,0
1651,398I,-1.601,0,0
1652,371Y,-1.601551,0,0
1653,337F,-1.60157,0,0
1654,488R,-1.601816,0,0
1655,512R,-1.604081,0,0
1656,521D,-1.605401,0,0
1657,359H,-1.607952,0,0
1658,384E,-1.609635,0,0
1659,491G,-1.610748,0,0
1660,498L,-1.610938,0,0
1661,383L,-1.611105,0,0
1662,385Q,-1.611518,0,0
1663,491C,-1.6121,0,0
1664,371Q,-1.61227,0,0
1665,509S,-1.61247,0,0
1666,382N,-1.612823,0,0
1667,424A,-1.613254,0,0
1668,376Y,-1.613486,0,0
1669,513A,-1.615573,0,0
1670,436L,-1.616432,0,0
1671,368R,-1.621974,0,0
1672,427T,-1.624415,0,0
1673,401F,-1.627792,0,0
1674,428T,-1.628501,0,0
1675,424L,-1.628659,0,0
1676,454D,-1.630115,0,0
1677,458Y,-1.634381,0,0
1678,418S,-1.639216,0,0
1679,487C,-1.640226,0,0
1680,353F,-1.642577,0,0
1681,351V,-1.644619,0,0
1682,401K,-1.646509,0,0
1683,410T,-1.646631,0,0
1684,343F,-1.647019,0,0
1685,497A,-1.647864,0,0
1686,409A,-1.648144,0,0
1687,414A,-1.651368,0,0
1688,404K,-1.651598,0,0
1689,417C,-1.652577,0,0
1690,361I,-1.653854,0,0
1691,363K,-1.654651,0,0
1692,409D,-1.654982,0,0
1693,338A,-1.658891,0,0
1694,415D,-1.659818,0,0
1695,385C,-1.65983,0,0
1696,486M,-1.667172,0,0
1697,444D,-1.668421,0,0
1698,492A,-1.669782,0,0
1699,372Y,-1.671949,0,0
1700,407R,-1.676592,0,0
1701,364I,-1.677583,0,0
1702,336L,-1.677589,0,0
1703,406P,-1.678573,0,0
1704,376M,-1.678683,0,0
1705,405Q,-1.679014,0,0
1706,374K,-1.681848,0,0
1707,370E,-1.682644,0,0
1708,473I,-1.684808,0,0
1709,472C,-1.686505,0,0
1710,411F,-1.687511,0,0
1711,446Y,-1.688695,0,0
1712,399A,-1.69055,0,0
1713,357H,-1.690719,0,0
1714,383A,-1.690795,0,0
1715,333D,-1.691847,0,0
1716,475Q,-1.692021,0,0
1717,488S,-1.692916,0,0
1718,498Y,-1.6963,0,0
1719,445M,-1.700305,0,0
1720,343K,-1.701219,0,0
1721,436D,-1.702092,0,0
1722,428Y,-1.706348,0,0
1723,411L,-1.708309,0,0
1724,522I,-1.708868,0,0
1725,335D,-1.709203,0,0
1726,374R,-1.710056,0,0
1727,470Q,-1.710627,0,0
1728,381N,-1.710956,0,0
1729,388G,-1.711236,0,0
1730,409F,-1.712494,0,0
1731,381L,-1.713203,0,0
1732,432T,-1.715431,0,0
1733,432P,-1.716786,0,0
1734,369G,-1.71831,0,0
1735,436V,-1.718436,0,0
1736,372M,-1.721496,0,0
1737,468E,-1.721526,0,0
1738,359P,-1.7228,0,0
1739,339C,-1.724341,0,0
1740,334P,-1.725205,0,0
1741,518A,-1.730879,0,0
1742,473A,-1.732919,0,0
1743,358A,-1.734066,0,0
1744,447D,-1.735338,0,0
1745,475Y,-1.736786,0,0
1746,359Y,-1.740551,0,0
1747,501E,-1.740606,0,0
1748,427R,-1.741417,0,0
1749,469R,-1.741996,0,0
1750,352G,-1.742004,0,0
1751,409H,-1.742745,0,0
1752,389K,-1.745488,0,0
1753,416E,-1.745553,0,0
1754,363P,-1.746352,0,0
1755,365D,-1.746583,0,0
1756,510A,-1.749625,0,0
1757,489E,-1.750058,0,0
1758,476N,-1.750876,0,0
1759,506Y,-1.751811,0,0
1760,378Y,-1.752166,0,0
1761,398L,-1.757216,0,0
1762,497D,-1.757381,0,0
1763,395F,-1.758107,0,0
1764,333G,-1.758606,0,0
1765,388R,-1.760231,0,0
1766,354L,-1.763427,0,0
1767,363I,-1.763556,0,0
1768,495F,-1.766141,0,0
1769,352I,-1.766473,0,0
1770,491E,-1.766753,0,0
1771,419T,-1.766969,0,0
1772,335A,-1.767946,0,0
1773,427P,-1.767997,0,0
1774,468Q,-1.770221,0,0
1775,434P,-1.770379,0,0
1776,337I,-1.772185,0,0
1777,443H,-1.775819,0,0
1778,504Y,-1.775952,0,0
1779,382T,-1.776968,0,0
1780,376D,-1.777609,0,0
1781,436T,-1.777953,0,0
1782,472N,-1.778162,0,0
1783,335M,-1.779233,0,0
1784,421V,-1.779837,0,0
1785,364F,-1.780674,0,0
1786,380A,-1.781849,0,0
1787,496H,-1.782415,0,0
1788,407T,-1.783097,0,0
1789,345A,-1.784573,0,0
1790,433C,-1.785142,0,0
1791,471Y,-1.785622,0,0
1792,482M,-1.786879,0,0
1793,361L,-1.791017,0,0
1794,496P,-1.793617,0,0
1795,392Y,-1.79638,0,0
1796,463N,-1.797006,0,0
1797,469H,-1.798006,0,0
1798,473K,-1.798582,0,0
1799,429R,-1.798798,0,0
1800,383G,-1.804305,0,0
1801,495S,-1.804429,0,0
1802,423L,-1.805037,0,0
1803,349V,-1.806451,0,0
1804,416S,-1.808018,0,0
1805,443N,-1.809418,0,0
1806,342T,-1.811634,0,0
1807,377H,-1.813216,0,0
1808,527K,-1.813589,0,0
1809,345I,-1.813857,0,0
1810,480T,-1.816683,0,0
1811,332E,-1.817497,0,0
1812,348N,-1.821636,0,0
1813,488Q,-1.82265,0,0
1814,420Y,-1.823881,0,0
1815,530H,-1.82457,0,0
1816,341R,-1.825678,0,0
1817,512K,-1.826842,0,0
1818,480A,-1.826868,0,0
1819,361T,-1.82901,0,0
1820,413N,-1.829194,0,0
1821,433Q,-1.83062,0,0
1822,491T,-1.830766,0,0
1823,380T,-1.832304,0,0
1824,439D,-1.835178,0,0
1825,477M,-1.836199,0,0
1826,522G,-1.83835,0,0
1827,508T,-1.839537,0,0
1828,454P,-1.84132,0,0
1829,506C,-1.843166,0,0
1830,494Y,-1.844913,0,0
1831,364A,-1.846028,0,0
1832,426S,-1.847372,0,0
1833,382K,-1.848378,0,0
1834,480D,-1.850409,0,0
1835,480N,-1.850521,0,0
1836,417Q,-1.851609,0,0
1837,387I,-1.853813,0,0
1838,476E,-1.858981,0,0
1839,421S,-1.859051,0,0
1840,359T,-1.859386,0,0
1841,367M,-1.860506,0,0
1842,389V,-1.861157,0,0
1843,439E,-1.863405,0,0
1844,393K,-1.864193,0,0
1845,341K,-1.864211,0,0
1846,335N,-1.864634,0,0
1847,359Q,-1.865959,0,0
1848,498C,-1.865986,0,0
1849,432K,-1.871618,0,0
1850,520H,-1.871788,0,0
1851,413D,-1.872007,0,0
1852,430R,-1.875515,0,0
1853,509F,-1.875928,0,0
1854,352L,-1.877327,0,0
1855,430H,-1.877513,0,0
1856,421A,-1.877542,0,0
1857,347R,-1.878411,0,0
1858,338T,-1.878663,0,0
1859,424F,-1.879815,0,0
1860,442K,-1.88,0,0
1861,389C,-1.880192,0,0
1862,432N,-1.881311,0,0
1863,426F,-1.883319,0,0
1864,518T,-1.883672,0,0
1865,356H,-1.884731,0,0
1866,495H,-1.885192,0,0
1867,470Y,-1.886463,0,0
1868,526S,-1.8876,0,0
1869,421R,-1.888561,0,0
1870,487E,-1.889017,0,0
1871,510G,-1.889807,0,0
1872,473G,-1.889935,0,0
1873,382A,-1.891416,0,0
1874,368H,-1.891992,0,0
1875,531L,-1.893454,0,0
1876,393V,-1.897548,0,0
1877,502S,-1.90016,0,0
1878,378E,-1.903371,0,0
1879,386A,-1.903427,0,0
1880,436Y,-1.903689,0,0
1881,405C,-1.912026,0,0
1882,355L,-1.912175,0,0
1883,520N,-1.912785,0,0
1884,469G,-1.913433,0,0
1885,459E,-1.914293,0,0
1886,497T,-1.917389,0,0
1887,511K,-1.918682,0,0
1888,344E,-1.920708,0,0
1889,464H,-1.922209,0,0
1890,377N,-1.9233,0,0
1891,392K,-1.924309,0,0
1892,418L,-1.924323,0,0
1893,337N,-1.925215,0,0
1894,344H,-1.925522,0,0
1895,457P,-1.926171,0,0
1896,471H,-1.928247,0,0
1897,518K,-1.929441,0,0
1898,464K,-1.929986,0,0
1899,331G,-1.931229,0,0
1900,447N,-1.934947,0,0
1901,497R,-1.935715,0,0
1902,355V,-1.939066,0,0
1903,397S,-1.940696,0,0
1904,493M,-1.941875,0,0
1905,496E,-1.945127,0,0
1906,352T,-1.947733,0,0
1907,527I,-1.950156,0,0
1908,410A,-1.950179,0,0
1909,508E,-1.952582,0,0
1910,502K,-1.952949,0,0
1911,397R,-1.954185,0,0
1912,466E,-1.954272,0,0
1913,357Q,-1.956356,0,0
1914,460C,-1.962456,0,0
1915,338V,-1.964586,0,0
1916,358G,-1.965105,0,0
1917,374H,-1.967063,0,0
1918,353I,-1.968339,0,0
1919,378M,-1.968389,0,0
1920,382R,-1.969678,0,0
1921,496D,-1.971885,0,0
1922,413K,-1.974408,0,0
1923,451F,-1.974691,0,0
1924,431Q,-1.974712,0,0
1925,492N,-1.976612,0,0
1926,344Q,-1.97733,0,0
1927,392T,-1.97734,0,0
1928,410R,-1.97781,0,0
1929,342N,-1.978773,0,0
1930,497H,-1.98213,0,0
1931,521N,-1.98228,0,0
1932,444Y,-1.98229,0,0
1933,358K,-1.982456,0,0
1934,427K,-1.983298,0,0
1935,525I,-1.986989,0,0
1936,512T,-1.987316,0,0
1937,381S,-1.987865,0,0
1938,511T,-1.988562,0,0
1939,434E,-1.988993,0,0
1940,335G,-1.992536,0,0
1941,492F,-1.994516,0,0
1942,454S,-1.994738,0,0
1943,464T,-1.995374,0,0
1944,510N,-1.996949,0,0
1945,338S,-1.997014,0,0
1946,495G,-1.997774,0,0
1947,480K,-1.999093,0,0
1948,430G,-2.000266,0,0
1949,438E,-2.000273,0,0
1950,461R,-2.000858,0,0
1951,345E,-2.002235,0,0
1952,340Y,-2.004284,0,0
1953,397F,-2.004597,0,0
1954,347T,-2.009041,0,0
1955,466P,-2.009062,0,0
1956,346Q,-2.01279,0,0
1957,395R,-2.013021,0,0
1958,506R,-2.013434,0,0
1959,434D,-2.01347,0,0
1960,409G,-2.013555,0,0
1961,348I,-2.014695,0,0
1962,333N,-2.014942,0,0
1963,358D,-2.016027,0,0
1964,528G,-2.016626,0,0
1965,455M,-2.016802,0,0
1966,436N,-2.01829,0,0
1967,492I,-2.019529,0,0
1968,510F,-2.02045,0,0
1969,345Q,-2.022057,0,0
1970,463K,-2.024858,0,0
1971,431H,-2.025828,0,0
1972,358S,-2.027513,0,0
1973,351L,-2.029747,0,0
1974,421H,-2.030287,0,0
1975,394R,-2.031569,0,0
1976,341G,-2.031709,0,0
1977,402H,-2.034108,0,0
1978,528F,-2.040228,0,0
1979,412I,-2.041076,0,0
1980,403Y,-2.0421,0,0
1981,523G,-2.044261,0,0
1982,461N,-2.045437,0,0
1983,472H,-2.04569,0,0
1984,352R,-2.047141,0,0
1985,402A,-2.048754,0,0
1986,411G,-2.049394,0,0
1987,378P,-2.051509,0,0
1988,442H,-2.05742,0,0
1989,393R,-2.058088,0,0
1990,523F,-2.05886,0,0
1991,492H,-2.063181,0,0
1992,437G,-2.063519,0,0
1993,474N,-2.064096,0,0
1994,375Q,-2.065867,0,0
1995,438T,-2.066671,0,0
1996,377P,-2.06709,0,0
1997,517T,-2.067245,0,0
1998,396I,-2.068707,0,0
1999,450M,-2.068885,0,0
2000,437P,-2.068938,0,0
2001,492P,-2.07069,0,0
2002,352K,-2.071001,0,0
2003,425I,-2.07107,0,0
2004,502P,-2.072803,0,0
2005,413L,-2.073763,0,0
2006,464A,-2.073978,0,0
2007,469D,-2.074056,0,0
2008,357E,-2.074182,0,0
2009,434R,-2.075316,0,0
2010,416F,-2.076971,0,0
2011,411H,-2.077318,0,0
2012,406V,-2.077844,0,0
2013,424G,-2.080399,0,0
2014,337V,-2.081275,0,0
2015,380R,-2.08199,0,0
2016,354A,-2.082434,0,0
2017,412V,-2.083141,0,0
2018,362H,-2.083691,0,0
2019,509A,-2.085401,0,0
2020,377A,-2.091753,0,0
2021,363R,-2.092043,0,0
2022,426V,-2.093105,0,0
2023,377G,-2.093206,0,0
2024,512N,-2.094121,0,0
2025,383K,-2.094317,0,0
2026,530R,-2.094787,0,0
2027,393G,-2.095336,0,0
2028,485M,-2.095991,0,0
2029,407H,-2.097005,0,0
2030,466D,-2.097089,0,0
2031,365R,-2.103433,0,0
2032,420C,-2.10447,0,0
2033,429S,-2.106584,0,0
2034,474C,-2.108046,0,0
2035,421T,-2.108825,0,0
2036,349N,-2.108928,0,0
2037,484W,-2.108945,0,0
2038,463H,-2.109536,0,0
2039,346C,-2.110805,0,0
2040,344Y,-2.112241,0,0
2041,429T,-2.118844,0,0
2042,366Y,-2.119078,0,0
2043,524N,-2.121573,0,0
2044,463C,-2.125558,0,0
2045,384Y,-2.125691,0,0
2046,517P,-2.127732,0,0
2047,502A,-2.129161,0,0
2048,514Y,-2.129247,0,0
2049,400K,-2.129781,0,0
2050,453C,-2.130112,0,0
2051,342K,-2.130262,0,0
2052,467R,-2.131462,0,0
2053,472G,-2.133203,0,0
2054,350S,-2.133324,0,0
2055,455E,-2.133418,0,0
2056,495K,-2.134884,0,0
2057,392D,-2.1359,0,0
2058,521E,-2.136608,0,0
2059,435Y,-2.138161,0,0
2060,473E,-2.140326,0,0
2061,481M,-2.140418,0,0
2062,415E,-2.141981,0,0
2063,472A,-2.143712,0,0
2064,369E,-2.144203,0,0
2065,337A,-2.145195,0,0
2066,414P,-2.145932,0,0
2067,516F,-2.147191,0,0
2068,333R,-2.152723,0,0
2069,461D,-2.154516,0,0
2070,336V,-2.155049,0,0
2071,419L,-2.155712,0,0
2072,429I,-2.157117,0,0
2073,431A,-2.157145,0,0
2074,391S,-2.160949,0,0
2075,477C,-2.161837,0,0
2076,335E,-2.162506,0,0
2077,393H,-2.163661,0,0
2078,443K,-2.165916,0,0
2079,369A,-2.167079,0,0
2080,471C,-2.168206,0,0
2081,338P,-2.168417,0,0
2082,470M,-2.176905,0,0
2083,497G,-2.178385,0,0
2084,369P,-2.178745,0,0
2085,380P,-2.180168,0,0
2086,513T,-2.181952,0,0
2087,352H,-2.183059,0,0
2088,377E,-2.183091,0,0
2089,407A,-2.186184,0,0
2090,355I,-2.187634,0,0
2091,355F,-2.187694,0,0
2092,473N,-2.188297,0,0
2093,457K,-2.188485,0,0
2094,380K,-2.189698,0,0
2095,507R,-2.192178,0,0
2096,458C,-2.194964,0,0
2097,393D,-2.197383,0,0
2098,511P,-2.19743,0,0
2099,497N,-2.197637,0,0
2100,528V,-2.199636,0,0
2101,400T,-2.199922,0,0
2102,361P,-2.200553,0,0
2103,388P,-2.201572,0,0
2104,465N,-2.205599,0,0
2105,372C,-2.20821,0,0
2106,347I,-2.209223,0,0
2107,332Q,-2.209447,0,0
2108,354E,-2.209691,0,0
2109,365V,-2.210709,0,0
2110,523V,-2.212137,0,0
2111,352N,-2.214417,0,0
2112,474G,-2.214741,0,0
2113,464V,-2.214748,0,0
2114,400R,-2.216748,0,0
2115,411I,-2.218986,0,0
2116,410P,-2.219328,0,0
2117,491H,-2.219414,0,0
2118,518H,-2.227765,0,0
2119,513D,-2.22793,0,0
2120,451G,-2.228632,0,0
2121,454E,-2.231576,0,0
2122,489D,-2.23493,0,0
2123,433A,-2.235276,0,0
2124,480P,-2.236725,0,0
2125,514G,-2.237281,0,0
2126,439C,-2.238068,0,0
2127,472D,-2.241623,0,0
2128,472K,-2.242541,0,0
2129,380H,-2.242908,0,0
2130,491Q,-2.245037,0,0
2131,448Q,-2.24531,0,0
2132,407K,-2.247224,0,0
2133,333H,-2.247865,0,0
2134,441M,-2.248478,0,0
2135,513P,-2.250036,0,0
2136,392V,-2.252159,0,0
2137,357Y,-2.252685,0,0
2138,428P,-2.252814,0,0
2139,399V,-2.252979,0,0
2140,387T,-2.25507,0,0
2141,348D,-2.255122,0,0
2142,419F,-2.255513,0,0
2143,479Q,-2.257343,0,0
2144,399F,-2.257357,0,0
2145,413T,-2.257538,0,0
2146,486W,-2.258345,0,0
2147,349R,-2.260877,0,0
2148,365I,-2.260999,0,0
2149,527S,-2.261686,0,0
2150,431P,-2.262402,0,0
2151,338K,-2.263174,0,0
2152,364H,-2.26358,0,0
2153,479C,-2.264524,0,0
2154,406Y,-2.26711,0,0
2155,461K,-2.267872,0,0
2156,381K,-2.268506,0,0
2157,404P,-2.268967,0,0
2158,334Q,-2.269632,0,0
2159,438K,-2.270481,0,0
2160,429A,-2.272735,0,0
2161,402G,-2.273098,0,0
2162,342R,-2.275806,0,0
2163,335Y,-2.276786,0,0
2164,465R,-2.277843,0,0
2165,520F,-2.278845,0,0
2166,498E,-2.28236,0,0
2167,436G,-2.2841,0,0
2168,342S,-2.284276,0,0
2169,374E,-2.285986,0,0
2170,448C,-2.286068,0,0
2171,435D,-2.291888,0,0
2172,369K,-2.293631,0,0
2173,454Y,-2.294573,0,0
2174,414F,-2.295417,0,0
2175,367W,-2.295836,0,0
2176,461G,-2.295964,0,0
2177,442E,-2.298553,0,0
2178,496Q,-2.299273,0,0
2179,430E,-2.300253,0,0
2180,429P,-2.300413,0,0
2181,397N,-2.301673,0,0
2182,351I,-2.302121,0,0
2183,464R,-2.302382,0,0
2184,360Q,-2.303175,0,0
2185,370Q,-2.304884,0,0
2186,374P,-2.305753,0,0
2187,490M,-2.307222,0,0
2188,374D,-2.307411,0,0
2189,469L,-2.30947,0,0
2190,501K,-2.310105,0,0
2191,529W,-2.310172,0,0
2192,348K,-2.310277,0,0
2193,348C,-2.311336,0,0
2194,460E,-2.312064,0,0
2195,422L,-2.312389,0,0
2196,399R,-2.312412,0,0
2197,431Y,-2.313179,0,0
2198,403M,-2.313736,0,0
2199,374G,-2.316077,0,0
2200,462M,-2.317583,0,0
2201,522N,-2.31854,0,0
2202,409Y,-2.319612,0,0
2203,436P,-2.320772,0,0
2204,398F,-2.320924,0,0
2205,359D,-2.32845,0,0
2206,516H,-2.32848,0,0
2207,420M,-2.328829,0,0
2208,404E,-2.329152,0,0
2209,410K,-2.331228,0,0
2210,530D,-2.331641,0,0
2211,525V,-2.332944,0,0
2212,431E,-2.334374,0,0
2213,489Q,-2.336223,0,0
2214,425F,-2.337525,0,0
2215,421G,-2.338817,0,0
2216,411R,-2.338971,0,0
2217,479Y,-2.339072,0,0
2218,343P,-2.339968,0,0
2219,344C,-2.340167,0,0
2220,523D,-2.344186,0,0
2221,377K,-2.345288,0,0
2222,474D,-2.350527,0,0
2223,401T,-2.353353,0,0
2224,428K,-2.356683,0,0
2225,494C,-2.357089,0,0
2226,521G,-2.359014,0,0
2227,360H,-2.364946,0,0
2228,423A,-2.365408,0,0
2229,472E,-2.366875,0,0
2230,421K,-2.36863,0,0
2231,502Y,-2.371266,0,0
2232,419I,-2.37307,0,0
2233,492S,-2.376422,0,0
2234,509D,-2.378734,0,0
2235,508P,-2.378777,0,0
2236,451E,-2.379184,0,0
2237,502E,-2.380396,0,0
2238,415Q,-2.380544,0,0
2239,514R,-2.381998,0,0
2240,358H,-2.384608,0,0
2241,381H,-2.387729,0,0
2242,439Q,-2.389724,0,0
2243,364P,-2.391683,0,0
2244,513K,-2.392364,0,0
2245,387S,-2.393671,0,0
2246,454C,-2.396178,0,0
2247,465Y,-2.39634,0,0
2248,510H,-2.400539,0,0
2249,416L,-2.400859,0,0
2250,476Y,-2.401406,0,0
2251,400A,-2.402163,0,0
2252,488D,-2.402402,0,0
2253,398T,-2.402825,0,0
2254,531V,-2.404473,0,0
2255,495E,-2.405573,0,0
2256,443G,-2.4084,0,0
2257,470C,-2.409175,0,0
2258,379V,-2.410956,0,0
2259,456W,-2.413446,0,0
2260,507M,-2.414163,0,0
2261,373C,-2.41506,0,0
2262,336I,-2.415261,0,0
2263,331H,-2.415428,0,0
2264,443C,-2.418765,0,0
2265,386R,-2.418895,0,0
2266,510Q,-2.421099,0,0
2267,401G,-2.421309,0,0
2268,360E,-2.421714,0,0
2269,341T,-2.424381,0,0
2270,425T,-2.426377,0,0
2271,382P,-2.427452,0,0
2272,389P,-2.427744,0,0
2273,509H,-2.431976,0,0
2274,341P,-2.436518,0,0
2275,468Y,-2.436542,0,0
2276,392H,-2.438276,0,0
2277,442C,-2.439363,0,0
2278,447A,-2.439428,0,0
2279,463G,-2.439945,0,0
2280,348G,-2.44226,0,0
2281,429K,-2.442942,0,0
2282,434A,-2.443125,0,0
2283,338H,-2.444564,0,0
2284,393P,-2.444913,0,0
2285,399N,-2.445,0,0
2286,331P,-2.445838,0,0
2287,363G,-2.446941,0,0
2288,350R,-2.44802,0,0
2289,343S,-2.450225,0,0
2290,339A,-2.452452,0,0
2291,509N,-2.458977,0,0
2292,500I,-2.4593,0,0
2293,396R,-2.45997,0,0
2294,407E,-2.460252,0,0
2295,448E,-2.460752,0,0
2296,429N,-2.461823,0,0
2297,475W,-2.462425,0,0
2298,457H,-2.467,0,0
2299,407P,-2.467186,0,0
2300,514N,-2.469967,0,0
2301,415C,-2.470743,0,0
2302,337E,-2.471168,0,0
2303,419R,-2.473262,0,0
2304,527D,-2.475083,0,0
2305,464D,-2.475883,0,0
2306,337K,-2.476247,0,0
2307,454I,-2.476878,0,0
2308,410H,-2.47986,0,0
2309,430D,-2.48041,0,0
2310,510D,-2.480441,0,0
2311,373M,-2.48117,0,0
2312,378C,-2.481812,0,0
2313,413H,-2.486644,0,0
2314,445W,-2.488091,0,0
2315,517A,-2.488657,0,0
2316,396V,-2.488812,0,0
2317,447Y,-2.489228,0,0
2318,354P,-2.490196,0,0
2319,506M,-2.490842,0,0
2320,412R,-2.494594,0,0
2321,471M,-2.494968,0,0
2322,338R,-2.496475,0,0
2323,340C,-2.49695,0,0
2324,356D,-2.49713,0,0
2325,334I,-2.498106,0,0
2326,476Q,-2.503461,0,0
2327,450W,-2.503514,0,0
2328,509P,-2.503551,0,0
2329,444C,-2.506782,0,0
2330,436R,-2.507674,0,0
2331,392A,-2.509544,0,0
2332,531K,-2.50986,0,0
2333,466H,-2.510104,0,0
2334,429D,-2.511948,0,0
2335,355A,-2.513212,0,0
2336,465C,-2.516335,0,0
2337,396K,-2.516458,0,0
2338,423I,-2.518206,0,0
2339,530N,-2.518326,0,0
2340,438D,-2.520324,0,0
2341,429H,-2.521045,0,0
2342,337D,-2.521941,0,0
2343,354I,-2.523635,0,0
2344,358P,-2.52373,0,0
2345,401H,-2.524586,0,0
2346,366Q,-2.525073,0,0
2347,443E,-2.525779,0,0
2348,383E,-2.525915,0,0
2349,413P,-2.528092,0,0
2350,492E,-2.528204,0,0
2351,377D,-2.528565,0,0
2352,332H,-2.531682,0,0
2353,335C,-2.534293,0,0
2354,350N,-2.535083,0,0
2355,452C,-2.535418,0,0
2356,508Q,-2.53779,0,0
2357,361K,-2.542066,0,0
2358,473D,-2.542717,0,0
2359,362E,-2.543479,0,0
2360,524T,-2.545661,0,0
2361,528E,-2.548392,0,0
2362,418A,-2.54849,0,0
2363,379T,-2.548592,0,0
2364,518D,-2.549294,0,0
2365,342D,-2.551439,0,0
2366,526T,-2.552347,0,0
2367,353V,-2.553328,0,0
2368,512P,-2.553993,0,0
2369,443D,-2.555206,0,0
2370,361S,-2.555628,0,0
2371,526L,-2.556336,0,0
2372,459Q,-2.556728,0,0
2373,405M,-2.557095,0,0
2374,410D,-2.557252,0,0
2375,340M,-2.557626,0,0
2376,362C,-2.55764,0,0
2377,355D,-2.558008,0,0
2378,487I,-2.558108,0,0
2379,435Q,-2.559134,0,0
2380,465P,-2.562673,0,0
2381,364Q,-2.563513,0,0
2382,524R,-2.564069,0,0
2383,336T,-2.564942,0,0
2384,384Q,-2.56575,0,0
2385,527F,-2.565776,0,0
2386,361A,-2.568996,0,0
2387,358N,-2.569338,0,0
2388,342P,-2.569484,0,0
2389,416T,-2.573269,0,0
2390,350P,-2.574088,0,0
2391,446W,-2.574651,0,0
2392,453E,-2.576403,0,0
2393,492Y,-2.576498,0,0
2394,379A,-2.577122,0,0
2395,379K,-2.579682,0,0
2396,373Y,-2.585049,0,0
2397,402Y,-2.590644,0,0
2398,528H,-2.593007,0,0
2399,360C,-2.594826,0,0
2400,338N,-2.595441,0,0
2401,394P,-2.596833,0,0
2402,406M,-2.5995,0,0
2403,448Y,-2.599521,0,0
2404,512D,-2.599963,0,0
2405,383D,-2.602373,0,0
2406,443T,-2.604904,0,0
2407,425A,-2.607071,0,0
2408,379L,-2.607564,0,0
2409,521Y,-2.609311,0,0
2410,337G,-2.609699,0,0
2411,332Y,-2.610478,0,0
2412,392L,-2.610537,0,0
2413,377V,-2.610839,0,0
2414,501Q,-2.610953,0,0
2415,447R,-2.611814,0,0
2416,398R,-2.612174,0,0
2417,358E,-2.614408,0,0
2418,514H,-2.615885,0,0
2419,467P,-2.616307,0,0
2420,524I,-2.616449,0,0
2421,396T,-2.617542,0,0
2422,379N,-2.617613,0,0
2423,435V,-2.618104,0,0
2424,530T,-2.619953,0,0
2425,345C,-2.621111,0,0
2426,523H,-2.622292,0,0
2427,419N,-2.622867,0,0
2428,505Q,-2.62395,0,0
2429,457N,-2.624258,0,0
2430,488G,-2.626171,0,0
2431,517N,-2.626267,0,0
2432,396A,-2.627004,0,0
2433,517R,-2.630283,0,0
2434,341A,-2.630412,0,0
2435,342G,-2.63228,0,0
2436,383H,-2.63287,0,0
2437,526N,-2.633391,0,0
2438,504M,-2.636017,0,0
2439,401R,-2.637288,0,0
2440,467C,-2.637821,0,0
2441,527T,-2.644477,0,0
2442,362A,-2.64666,0,0
2443,495P,-2.648172,0,0
2444,505R,-2.650452,0,0
2445,511E,-2.651904,0,0
2446,457Q,-2.652473,0,0
2447,472M,-2.652813,0,0
2448,386G,-2.653371,0,0
2449,351A,-2.654676,0,0
2450,402Q,-2.656373,0,0
2451,414Y,-2.656403,0,0
2452,395P,-2.65969,0,0
2453,394G,-2.660028,0,0
2454,531F,-2.664235,0,0
2455,434G,-2.667409,0,0
2456,343T,-2.669802,0,0
2457,365L,-2.673592,0,0
2458,371C,-2.675849,0,0
2459,395K,-2.680428,0,0
2460,510P,-2.680591,0,0
2461,366F,-2.681649,0,0
2462,485W,-2.683177,0,0
2463,387D,-2.683438,0,0
2464,355N,-2.685199,0,0
2465,531R,-2.687809,0,0
2466,401D,-2.688781,0,0
2467,491R,-2.688834,0,0
2468,393N,-2.688987,0,0
2469,336N,-2.690562,0,0
2470,432S,-2.690896,0,0
2471,518E,-2.691499,0,0
2472,518N,-2.691778,0,0
2473,334E,-2.69696,0,0
2474,466C,-2.69743,0,0
2475,520Q,-2.701318,0,0
2476,454T,-2.702232,0,0
2477,381T,-2.703247,0,0
2478,480E,-2.705516,0,0
2479,434Q,-2.706414,0,0
2480,412K,-2.706906,0,0
2481,362D,-2.708049,0,0
2482,345Y,-2.709459,0,0
2483,419K,-2.710406,0,0
2484,521C,-2.711395,0,0
2485,423V,-2.711996,0,0
2486,406C,-2.713132,0,0
2487,440E,-2.713257,0,0
2488,364V,-2.714411,0,0
2489,441W,-2.717552,0,0
2490,513G,-2.718495,0,0
2491,402E,-2.71892,0,0
2492,447P,-2.723438,0,0
2493,504A,-2.72542,0,0
2494,503M,-2.727687,0,0
2495,402N,-2.731948,0,0
2496,338G,-2.736849,0,0
2497,396P,-2.738565,0,0
2498,388E,-2.7399,0,0
2499,428Q,-2.739978,0,0
2500,433Y,-2.740776,0,0
2501,418T,-2.745211,0,0
2502,364G,-2.747073,0,0
2503,388C,-2.747112,0,0
2504,395N,-2.748176,0,0
2505,388T,-2.748402,0,0
2506,368Y,-2.749665,0,0
2507,391I,-2.750611,0,0
2508,442A,-2.75134,0,0
2509,383R,-2.751536,0,0
2510,525T,-2.752187,0,0
2511,421P,-2.753474,0,0
2512,347S,-2.754503,0,0
2513,412F,-2.755634,0,0
2514,437T,-2.758223,0,0
2515,385M,-2.758636,0,0
2516,463E,-2.759701,0,0
2517,370C,-2.760627,0,0
2518,457Y,-2.760844,0,0
2519,392G,-2.766273,0,0
2520,416D,-2.76644,0,0
2521,454Q,-2.770401,0,0
2522,348Y,-2.770599,0,0
2523,509Y,-2.772728,0,0
2524,430Y,-2.774784,0,0
2525,528Y,-2.777056,0,0
2526,424T,-2.777541,0,0
2527,428C,-2.777953,0,0
2528,512H,-2.781875,0,0
2529,515H,-2.782902,0,0
2530,432E,-2.784943,0,0
2531,369C,-2.785082,0,0
2532,397T,-2.7859,0,0
2533,353H,-2.790169,0,0
2534,498P,-2.790792,0,0
2535,341N,-2.795029,0,0
2536,530G,-2.79625,0,0
2537,401N,-2.796556,0,0
2538,388H,-2.796558,0,0
2539,386P,-2.796631,0,0
2540,436E,-2.800811,0,0
2541,459T,-2.801158,0,0
2542,395T,-2.803306,0,0
2543,422V,-2.8038,0,0
2544,379D,-2.804288,0,0
2545,386H,-2.806236,0,0
2546,522Y,-2.806583,0,0
2547,439H,-2.806701,0,0
2548,512Q,-2.808228,0,0
2549,478W,-2.808346,0,0
2550,437E,-2.814531,0,0
2551,400H,-2.814989,0,0
2552,516P,-2.819228,0,0
2553,334C,-2.822063,0,0
2554,432Q,-2.823309,0,0
2555,453Q,-2.826029,0,0
2556,395H,-2.82947,0,0
2557,387K,-2.830282,0,0
2558,364E,-2.831674,0,0
2559,515T,-2.833559,0,0
2560,434C,-2.834716,0,0
2561,338D,-2.835366,0,0
2562,393E,-2.835553,0,0
2563,394C,-2.84142,0,0
2564,387P,-2.843766,0,0
2565,430Q,-2.848469,0,0
2566,511Q,-2.849201,0,0
2567,530K,-2.849248,0,0
2568,427C,-2.851794,0,0
2569,461C,-2.854413,0,0
2570,410E,-2.854988,0,0
2571,531S,-2.856124,0,0
2572,518G,-2.859804,0,0
2573,365T,-2.863587,0,0
2574,362Y,-2.864801,0,0
2575,479M,-2.865366,0,0
2576,425P,-2.866644,0,0
2577,347H,-2.868736,0,0
2578,426N,-2.869533,0,0
2579,474Y,-2.870121,0,0
2580,466K,-2.871906,0,0
2581,360I,-2.872832,0,0
2582,466Q,-2.878736,0,0
2583,390N,-2.879071,0,0
2584,411D,-2.879285,0,0
2585,379S,-2.881919,0,0
2586,438F,-2.882466,0,0
2587,480Q,-2.886856,0,0
2588,416K,-2.88858,0,0
2589,380G,-2.890771,0,0
2590,418R,-2.891641,0,0
2591,371W,-2.899102,0,0
2592,331Y,-2.901811,0,0
2593,469N,-2.902461,0,0
2594,351R,-2.902521,0,0
2595,473M,-2.905041,0,0
2596,443F,-2.90852,0,0
2597,400P,-2.909158,0,0
2598,403C,-2.9115,0,0
2599,331D,-2.912582,0,0
2600,381F,-2.914819,0,0
2601,419V,-2.916287,0,0
2602,461E,-2.916444,0,0
2603,347P,-2.918631,0,0
2604,500M,-2.920307,0,0
2605,336K,-2.920651,0,0
2606,343Q,-2.923816,0,0
2607,410G,-2.924477,0,0
2608,333E,-2.927151,0,0
2609,395E,-2.928433,0,0
2610,414C,-2.932437,0,0
2611,492Q,-2.934409,0,0
2612,461Y,-2.934807,0,0
2613,459M,-2.935269,0,0
2614,466Y,-2.936276,0,0
2615,349G,-2.93656,0,0
2616,449W,-2.937534,0,0
2617,435C,-2.937869,0,0
2618,390A,-2.939691,0,0
2619,390D,-2.942515,0,0
2620,464N,-2.942632,0,0
2621,386F,-2.943109,0,0
2622,497P,-2.945967,0,0
2623,463Y,-2.947118,0,0
2624,422R,-2.949074,0,0
2625,425R,-2.949704,0,0
2626,332N,-2.951241,0,0
2627,400N,-2.953773,0,0
2628,399K,-2.955226,0,0
2629,387H,-2.957267,0,0
2630,482W,-2.957518,0,0
2631,510E,-2.961441,0,0
2632,371M,-2.968693,0,0
2633,526I,-2.969028,0,0
2634,516C,-2.969154,0,0
2635,363N,-2.969808,0,0
2636,467A,-2.971731,0,0
2637,351T,-2.973018,0,0
2638,449M,-2.976042,0,0
2639,419H,-2.977508,0,0
2640,513N,-2.978488,0,0
2641,423R,-2.978885,0,0
2642,344M,-2.979784,0,0
2643,384M,-2.979866,0,0
2644,499M,-2.980561,0,0
2645,409R,-2.984754,0,0
2646,423K,-2.985995,0,0
2647,505M,-2.988157,0,0
2648,332C,-2.989755,0,0
2649,472Y,-2.990297,0,0
2650,336H,-2.992911,0,0
2651,418N,-2.994597,0,0
2652,355H,-2.994891,0,0
2653,438P,-2.997873,0,0
2654,336E,-2.998566,0,0
2655,402C,-2.999038,0,0
2656,434Y,-3.000358,0,0
2657,424P,-3.005856,0,0
2658,347N,-3.006657,0,0
2659,406G,-3.007953,0,0
2660,387A,-3.009401,0,0
2661,390T,-3.010921,0,0
2662,365P,-3.011614,0,0
2663,365K,-3.013829,0,0
2664,501M,-3.016613,0,0
2665,410M,-3.017706,0,0
2666,522Q,-3.019718,0,0
2667,423G,-3.020847,0,0
2668,410F,-3.021607,0,0
2669,336D,-3.021836,0,0
2670,343E,-3.023068,0,0
2671,362G,-3.025019,0,0
2672,418P,-3.025568,0,0
2673,447E,-3.027019,0,0
2674,347L,-3.028164,0,0
2675,374Y,-3.028516,0,0
2676,370M,-3.030231,0,0
2677,400D,-3.030599,0,0
2678,477W,-3.031489,0,0
2679,350G,-3.031939,0,0
2680,525A,-3.032863,0,0
2681,377S,-3.033058,0,0
2682,523Q,-3.034818,0,0
2683,487M,-3.036311,0,0
2684,424D,-3.038077,0,0
2685,382D,-3.038702,0,0
2686,382H,-3.039533,0,0
2687,375M,-3.045607,0,0
2688,358Q,-3.048075,0,0
2689,508C,-3.049823,0,0
2690,369N,-3.051566,0,0
2691,426K,-3.054945,0,0
2692,331E,-3.055242,0,0
2693,466M,-3.056609,0,0
2694,497Q,-3.05662,0,0
2695,509M,-3.056694,0,0
2696,349E,-3.058853,0,0
2697,401P,-3.059246,0,0
2698,396D,-3.062828,0,0
2699,499A,-3.064338,0,0
2700,345M,-3.06755,0,0
2701,353A,-3.069002,0,0
2702,391V,-3.075681,0,0
2703,492C,-3.082653,0,0
2704,514D,-3.084877,0,0
2705,355E,-3.085508,0,0
2706,453N,-3.085681,0,0
2707,511G,-3.086197,0,0
2708,362Q,-3.090337,0,0
2709,531N,-3.091685,0,0
2710,515R,-3.092364,0,0
2711,437Q,-3.094396,0,0
2712,425N,-3.09558,0,0
2713,457G,-3.095714,0,0
2714,386Y,-3.096158,0,0
2715,423S,-3.097819,0,0
2716,399G,-3.100725,0,0
2717,480G,-3.101611,0,0
2718,520Y,-3.10187,0,0
2719,412D,-3.104062,0,0
2720,528D,-3.107247,0,0
2721,425K,-3.108635,0,0
2722,343D,-3.111088,0,0
2723,379H,-3.114142,0,0
2724,358Y,-3.120964,0,0
2725,421E,-3.123385,0,0
2726,427Q,-3.123951,0,0
2727,408W,-3.13009,0,0
2728,517G,-3.130281,0,0
2729,415Y,-3.131921,0,0
2730,365A,-3.133099,0,0
2731,335Q,-3.133928,0,0
2732,431S,-3.134963,0,0
2733,365H,-3.139208,0,0
2734,490W,-3.140322,0,0
2735,390K,-3.140461,0,0
2736,497E,-3.142818,0,0
2737,404Y,-3.145172,0,0
2738,519M,-3.145329,0,0
2739,343Y,-3.146486,0,0
2740,459C,-3.147912,0,0
2741,359C,-3.150529,0,0
2742,473Q,-3.150972,0,0
2743,531D,-3.152804,0,0
2744,365G,-3.154514,0,0
2745,352E,-3.156897,0,0
2746,517C,-3.157185,0,0
2747,425D,-3.157601,0,0
2748,502Q,-3.160448,0,0
2749,347K,-3.161974,0,0
2750,497Y,-3.162816,0,0
2751,423T,-3.16359,0,0
2752,481W,-3.16595,0,0
2753,354Q,-3.166864,0,0
2754,365C,-3.167008,0,0
2755,338E,-3.167642,0,0
2756,338Y,-3.171944,0,0
2757,399T,-3.175174,0,0
2758,517K,-3.176863,0,0
2759,400G,-3.177148,0,0
2760,379P,-3.179274,0,0
2761,411N,-3.179833,0,0
2762,489N,-3.181189,0,0
2763,413E,-3.183278,0,0
2764,416P,-3.188331,0,0
2765,439M,-3.191004,0,0
2766,393C,-3.192198,0,0
2767,416A,-3.193709,0,0
2768,336A,-3.194512,0,0
2769,513C,-3.194984,0,0
2770,350E,-3.197996,0,0
2771,382Q,-3.199089,0,0
2772,523E,-3.199106,0,0
2773,524K,-3.204996,0,0
2774,386D,-3.205402,0,0
2775,349H,-3.206342,0,0
2776,409M,-3.207114,0,0
2777,373Q,-3.208951,0,0
2778,512E,-3.209044,0,0
2779,507L,-3.209896,0,0
2780,416H,-3.212618,0,0
2781,390G,-3.213509,0,0
2782,517Y,-3.216237,0,0
2783,361N,-3.21699,0,0
2784,511Y,-3.217688,0,0
2785,516Y,-3.219288,0,0
2786,469E,-3.22495,0,0
2787,433M,-3.227234,0,0
2788,400S,-3.228978,0,0
2789,464P,-3.230215,0,0
2790,524A,-3.23203,0,0
2791,366M,-3.233354,0,0
2792,526P,-3.233908,0,0
2793,426T,-3.234883,0,0
2794,402F,-3.236662,0,0
2795,354C,-3.238331,0,0
2796,524P,-3.23975,0,0
2797,495N,-3.241936,0,0
2798,387V,-3.243121,0,0
2799,442Q,-3.243452,0,0
2800,386T,-3.245138,0,0
2801,469Y,-3.246713,0,0
2802,531G,-3.249211,0,0
2803,372W,-3.256092,0,0
2804,341E,-3.256427,0,0
2805,523C,-3.260705,0,0
2806,347D,-3.264525,0,0
2807,437H,-3.264693,0,0
2808,353P,-3.265864,0,0
2809,412G,-3.266014,0,0
2810,493W,-3.269117,0,0
2811,457E,-3.27047,0,0
2812,399E,-3.271147,0,0
2813,382E,-3.271379,0,0
2814,399H,-3.271536,0,0
2815,457C,-3.272214,0,0
2816,525N,-3.273996,0,0
2817,404Q,-3.275329,0,0
2818,393Y,-3.279143,0,0
2819,404V,-3.279992,0,0
2820,437C,-3.28456,0,0
2821,514K,-3.284954,0,0
2822,391N,-3.28723,0,0
2823,413C,-3.287789,0,0
2824,376W,-3.291519,0,0
2825,468N,-3.292534,0,0
2826,361E,-3.294278,0,0
2827,351G,-3.294938,0,0
2828,418H,-3.295216,0,0
2829,515D,-3.295264,0,0
2830,347A,-3.296014,0,0
2831,464I,-3.296684,0,0
2832,429G,-3.300987,0,0
2833,342E,-3.301355,0,0
2834,381D,-3.301479,0,0
2835,413Q,-3.306493,0,0
2836,331C,-3.306847,0,0
2837,346M,-3.309581,0,0
2838,363E,-3.310685,0,0
2839,495Q,-3.312275,0,0
2840,526F,-3.314908,0,0
2841,424I,-3.318532,0,0
2842,391D,-3.318588,0,0
2843,515N,-3.318831,0,0
2844,390V,-3.324192,0,0
2845,432G,-3.325179,0,0
2846,361D,-3.327628,0,0
2847,395D,-3.32894,0,0
2848,530C,-3.332016,0,0
2849,353T,-3.33572,0,0
2850,398K,-3.342796,0,0
2851,422F,-3.344183,0,0
2852,400L,-3.344415,0,0
2853,531H,-3.346066,0,0
2854,363C,-3.349108,0,0
2855,528C,-3.349278,0,0
2856,358T,-3.355534,0,0
2857,496M,-3.355935,0,0
2858,357M,-3.356002,0,0
2859,454M,-3.356517,0,0
2860,528P,-3.357265,0,0
2861,339M,-3.358042,0,0
2862,350T,-3.359126,0,0
2863,520M,-3.36351,0,0
2864,436Q,-3.364856,0,0
2865,397D,-3.365077,0,0
2866,363Y,-3.366055,0,0
2867,454K,-3.367489,0,0
2868,451Q,-3.367796,0,0
2869,446M,-3.373613,0,0
2870,352Y,-3.374291,0,0
2871,413Y,-3.374757,0,0
2872,364M,-3.377057,0,0
2873,517E,-3.377675,0,0
2874,426D,-3.380876,0,0
2875,357C,-3.384177,0,0
2876,387N,-3.38426,0,0
2877,350H,-3.387222,0,0
2878,377Q,-3.387488,0,0
2879,526H,-3.392221,0,0
2880,469C,-3.396846,0,0
2881,497C,-3.400056,0,0
2882,509E,-3.400182,0,0
2883,433D,-3.401465,0,0
2884,391A,-3.403463,0,0
2885,391L,-3.404183,0,0
2886,463Q,-3.408707,0,0
2887,364C,-3.410671,0,0
2888,416Q,-3.411169,0,0
2889,465V,-3.414191,0,0
2890,350K,-3.416585,0,0
2891,476M,-3.419403,0,0
2892,355Y,-3.420941,0,0
2893,426H,-3.421693,0,0
2894,464G,-3.422632,0,0
2895,389Q,-3.427259,0,0
2896,336G,-3.430333,0,0
2897,462W,-3.434449,0,0
2898,353K,-3.43548,0,0
2899,358C,-3.436108,0,0
2900,511D,-3.436177,0,0
2901,337Y,-3.436335,0,0
2902,506E,-3.438412,0,0
2903,368C,-3.441351,0,0
2904,361H,-3.44999,0,0
2905,411P,-3.450267,0,0
2906,488F,-3.450483,0,0
2907,374Q,-3.450498,0,0
2908,429E,-3.450502,0,0
2909,331M,-3.452128,0,0
2910,516M,-3.454954,0,0
2911,426A,-3.455915,0,0
2912,461F,-3.45736,0,0
2913,395Y,-3.458086,0,0
2914,526K,-3.460061,0,0
2915,388Q,-3.461738,0,0
2916,522C,-3.46196,0,0
2917,494M,-3.462272,0,0
2918,365N,-3.462282,0,0
2919,515E,-3.464622,0,0
2920,525P,-3.46481,0,0
2921,363Q,-3.465406,0,0
2922,517D,-3.466201,0,0
2923,509Q,-3.467417,0,0
2924,410Y,-3.4696,0,0
2925,443Q,-3.470297,0,0
2926,518C,-3.471027,0,0
2927,333Y,-3.47235,0,0
2928,447Q,-3.472592,0,0
2929,387R,-3.473868,0,0
2930,435G,-3.475629,0,0
2931,430M,-3.482331,0,0
2932,460W,-3.482365,0,0
2933,501W,-3.482524,0,0
2934,432F,-3.488096,0,0
2935,383Y,-3.489476,0,0
2936,442N,-3.49073,0,0
2937,381Q,-3.49258,0,0
2938,355S,-3.492991,0,0
2939,353N,-3.495329,0,0
2940,391K,-3.496753,0,0
2941,488M,-3.497382,0,0
2942,361R,-3.497709,0,0
2943,394K,-3.498427,0,0
2944,394E,-3.499263,0,0
2945,518Y,-3.507727,0,0
2946,355P,-3.512017,0,0
2947,382Y,-3.512791,0,0
2948,341H,-3.513644,0,0
2949,369M,-3.513883,0,0
2950,526D,-3.514364,0,0
2951,345P,-3.514784,0,0
2952,510C,-3.520425,0,0
2953,425G,-3.521518,0,0
2954,448M,-3.524357,0,0
2955,369Q,-3.529576,0,0
2956,391T,-3.534244,0,0
2957,515K,-3.535334,0,0
2958,356C,-3.535339,0,0
2959,407C,-3.536545,0,0
2960,435M,-3.537948,0,0
2961,429Q,-3.539414,0,0
2962,514C,-3.547313,0,0
2963,495D,-3.549049,0,0
2964,461M,-3.551963,0,0
2965,348Q,-3.552437,0,0
2966,418E,-3.552769,0,0
2967,351N,-3.555924,0,0
2968,511C,-3.559861,0,0
2969,390F,-3.566863,0,0
2970,523Y,-3.572006,0,0
2971,397K,-3.573314,0,0
2972,336Q,-3.57474,0,0
2973,421Q,-3.575799,0,0
2974,440W,-3.57966,0,0
2975,464E,-3.582058,0,0
2976,530E,-3.589284,0,0
2977,424M,-3.59123,0,0
2978,530A,-3.594031,0,0
2979,487W,-3.594314,0,0
2980,407Q,-3.595688,0,0
2981,352Q,-3.596032,0,0
2982,352C,-3.599531,0,0
2983,361Q,-3.600116,0,0
2984,512Y,-3.601045,0,0
2985,451D,-3.603166,0,0
2986,472Q,-3.603337,0,0
2987,377M,-3.605331,0,0
2988,514E,-3.606342,0,0
2989,351S,-3.607832,0,0
2990,392N,-3.613568,0,0
2991,349K,-3.616516,0,0
2992,397H,-3.616722,0,0
2993,353Y,-3.618281,0,0
2994,351P,-3.624479,0,0
2995,397C,-3.62455,0,0
2996,515A,-3.624746,0,0
2997,387G,-3.626474,0,0
2998,386M,-3.628194,0,0
2999,347E,-3.629519,0,0
3000,530P,-3.63278,0,0
3001,353D,-3.637749,0,0
3002,431R,-3.640016,0,0
3003,331Q,-3.640085,0,0
3004,412N,-3.641417,0,0
3005,381P,-3.642526,0,0
3006,461H,-3.643332,0,0
3007,334H,-3.643617,0,0
3008,469Q,-3.647643,0,0
3009,468W,-3.64892,0,0
3010,424H,-3.65279,0,0
3011,525E,-3.653305,0,0
3012,333Q,-3.653985,0,0
3013,411C,-3.656152,0,0
3014,381A,-3.662373,0,0
3015,403W,-3.662752,0,0
3016,465K,-3.663633,0,0
3017,442M,-3.66387,0,0
3018,515V,-3.66425,0,0
3019,467Q,-3.666324,0,0
3020,459W,-3.667059,0,0
3021,407Y,-3.670138,0,0
3022,512C,-3.670311,0,0
3023,347G,-3.674774,0,0
3024,474M,-3.67751,0,0
3025,498M,-3.680112,0,0
3026,411Y,-3.680595,0,0
3027,423E,-3.684625,0,0
3028,398P,-3.68638,0,0
3029,351E,-3.686864,0,0
3030,411E,-3.687658,0,0
3031,409C,-3.689173,0,0
3032,375W,-3.694518,0,0
3033,426E,-3.695104,0,0
3034,513Y,-3.697474,0,0
3035,351K,-3.702224,0,0
3036,411Q,-3.70745,0,0
3037,386C,-3.71085,0,0
3038,423F,-3.712934,0,0
3039,435P,-3.714253,0,0
3040,343C,-3.71561,0,0
3041,370W,-3.718,0,0
3042,388D,-3.71931,0,0
3043,350Y,-3.719584,0,0
3044,398A,-3.725845,0,0
3045,399D,-3.731485,0,0
3046,429V,-3.734849,0,0
3047,502D,-3.735868,0,0
3048,527N,-3.738571,0,0
3049,377I,-3.739179,0,0
3050,380E,-3.739322,0,0
3051,380D,-3.739959,0,0
3052,334M,-3.74029,0,0
3053,528M,-3.740594,0,0
3054,418D,-3.742187,0,0
3055,410C,-3.74371,0,0
3056,512G,-3.744096,0,0
3057,520C,-3.750635,0,0
3058,353E,-3.751261,0,0
3059,422A,-3.756475,0,0
3060,389M,-3.757815,0,0
3061,359M,-3.758064,0,0
3062,511M,-3.75808,0,0
3063,510M,-3.760741,0,0
3064,513Q,-3.763669,0,0
3065,392R,-3.767184,0,0
3066,407F,-3.771157,0,0
3067,392P,-3.775082,0,0
3068,362M,-3.778057,0,0
3069,527G,-3.778964,0,0
3070,440M,-3.779826,0,0
3071,458W,-3.781632,0,0
3072,423P,-3.782054,0,0
3073,525H,-3.784532,0,0
3074,355G,-3.790298,0,0
3075,530F,-3.791356,0,0
3076,374M,-3.791874,0,0
3077,341Q,-3.793037,0,0
3078,422G,-3.796544,0,0
3079,368W,-3.799488,0,0
3080,383Q,-3.800065,0,0
3081,422S,-3.800201,0,0
3082,507W,-3.800918,0,0
3083,333C,-3.802942,0,0
3084,418K,-3.803096,0,0
3085,497V,-3.805271,0,0
3086,383T,-3.816621,0,0
3087,337Q,-3.816716,0,0
3088,524Q,-3.818128,0,0
3089,473W,-3.823711,0,0
3090,434K,-3.826474,0,0
3091,497L,-3.827723,0,0
3092,429L,-3.828321,0,0
3093,333P,-3.82902,0,0
3094,343H,-3.829481,0,0
3095,396G,-3.832068,0,0
3096,422T,-3.83226,0,0
3097,464Y,-3.838383,0,0
3098,426G,-3.839844,0,0
3099,390C,-3.841455,0,0
3100,418G,-3.842557,0,0
3101,417W,-3.843895,0,0
3102,438M,-3.847407,0,0
3103,397M,-3.850341,0,0
3104,510Y,-3.852632,0,0
3105,524E,-3.853708,0,0
3106,382C,-3.85429,0,0
3107,515G,-3.85504,0,0
3108,375C,-3.855198,0,0
3109,385W,-3.856317,0,0
3110,432R,-3.8566,0,0
3111,437K,-3.864696,0,0
3112,419E,-3.867134,0,0
3113,476W,-3.868695,0,0
3114,438Q,-3.875246,0,0
3115,467M,-3.875579,0,0
3116,448W,-3.877054,0,0
3117,401Q,-3.882482,0,0
3118,337C,-3.884462,0,0
3119,396C,-3.88837,0,0
3120,350L,-3.888417,0,0
3121,527Q,-3.889782,0,0
3122,419Y,-3.900052,0,0
3123,426R,-3.908282,0,0
3124,451C,-3.911122,0,0
3125,439W,-3.920345,0,0
3126,453M,-3.921516,0,0
3127,513E,-3.922065,0,0
3128,400I,-3.925374,0,0
3129,407G,-3.926396,0,0
3130,506W,-3.928118,0,0
3131,349Q,-3.928431,0,0
3132,461Q,-3.929411,0,0
3133,395C,-3.930745,0,0
3134,469P,-3.932704,0,0
3135,522M,-3.935417,0,0
3136,394Y,-3.935425,0,0
3137,396E,-3.935912,0,0
3138,508M,-3.93875,0,0
3139,348M,-3.940436,0,0
3140,451N,-3.956119,0,0
3141,479W,-3.960083,0,0
3142,524H,-3.964215,0,0
3143,527C,-3.968194,0,0
3144,415M,-3.972549,0,0
3145,410Q,-3.974634,0,0
3146,471W,-3.975117,0,0
3147,400V,-3.976048,0,0
3148,341D,-3.978057,0,0
3149,503W,-3.980274,0,0
3150,469M,-3.985045,0,0
3151,406K,-3.985301,0,0
3152,524C,-3.986803,0,0
3153,431D,-3.995329,0,0
3154,414M,-3.996606,0,0
3155,491M,-4.002248,0,0
3156,515P,-4.004344,0,0
3157,494W,-4.004358,0,0
3158,381C,-4.005841,0,0
3159,369D,-4.01707,0,0
3160,399Y,-4.018925,0,0
3161,428N,-4.020743,0,0
3162,504W,-4.021929,0,0
3163,497I,-4.024311,0,0
3164,511A,-4.025135,0,0
3165,400E,-4.025503,0,0
3166,425H,-4.026746,0,0
3167,387Y,-4.032242,0,0
3168,341Y,-4.034136,0,0
3169,365E,-4.039196,0,0
3170,355Q,-4.043276,0,0
3171,340W,-4.049578,0,0
3172,401C,-4.049631,0,0
3173,524L,-4.052768,0,0
3174,531E,-4.053127,0,0
3175,502M,-4.062834,0,0
3176,344W,-4.063704,0,0
3177,491L,-4.064812,0,0
3178,349D,-4.06568,0,0
3179,382G,-4.069276,0,0
3180,400C,-4.069995,0,0
3181,512L,-4.070147,0,0
3182,467H,-4.071598,0,0
3183,530Q,-4.074979,0,0
3184,336P,-4.082283,0,0
3185,399Q,-4.091826,0,0
3186,470W,-4.100403,0,0
3187,421C,-4.107826,0,0
3188,404M,-4.109919,0,0
3189,502R,-4.113346,0,0
3190,412H,-4.118518,0,0
3191,430C,-4.122932,0,0
3192,425M,-4.123562,0,0
3193,451W,-4.133027,0,0
3194,505W,-4.133413,0,0
3195,513R,-4.141595,0,0
3196,392E,-4.143421,0,0
3197,466W,-4.154446,0,0
3198,451M,-4.15909,0,0
3199,426C,-4.163785,0,0
3200,416Y,-4.167423,0,0
3201,437M,-4.172053,0,0
3202,480M,-4.176268,0,0
3203,425Q,-4.176318,0,0
3204,401Y,-4.1801,0,0
3205,381Y,-4.18459,0,0
3206,342Q,-4.184614,0,0
3207,347Y,-4.186268,0,0
3208,397Y,-4.189172,0,0
3209,373W,-4.191495,0,0
3210,521M,-4.192208,0,0
3211,509C,-4.193871,0,0
3212,531C,-4.196811,0,0
3213,394M,-4.199498,0,0
3214,353R,-4.203308,0,0
3215,525K,-4.203387,0,0
3216,393Q,-4.203985,0,0
3217,467E,-4.205683,0,0
3218,424Q,-4.205713,0,0
3219,388M,-4.206179,0,0
3220,419C,-4.207653,0,0
3221,526Y,-4.212474,0,0
3222,430K,-4.213635,0,0
3223,500W,-4.213895,0,0
3224,391P,-4.216834,0,0
3225,399M,-4.216887,0,0
3226,366C,-4.218475,0,0
3227,398Q,-4.221614,0,0
3228,453W,-4.224698,0,0
3229,339W,-4.226163,0,0
3230,492M,-4.233158,0,0
3231,416R,-4.236109,0,0
3232,398C,-4.238107,0,0
3233,438C,-4.251421,0,0
3234,422E,-4.25233,0,0
3235,419M,-4.253268,0,0
3236,410N,-4.259473,0,0
3237,390E,-4.261514,0,0
3238,338Q,-4.26268,0,0
3239,432M,-4.273625,0,0
3240,489M,-4.27519,0,0
3241,405W,-4.277841,0,0
3242,464Q,-4.283737,0,0
3243,387F,-4.284065,0,0
3244,424Y,-4.286485,0,0
3245,514Q,-4.287538,0,0
3246,346W,-4.292269,0,0
3247,377Y,-4.297115,0,0
3248,411M,-4.298563,0,0
3249,425C,-4.300131,0,0
3250,365Q,-4.300501,0,0
3251,515Q,-4.3035,0,0
3252,495C,-4.307215,0,0
3253,404C,-4.313522,0,0
3254,380Q,-4.315182,0,0
3255,336R,-4.315211,0,0
3256,476C,-4.323049,0,0
3257,421D,-4.325279,0,0
3258,420W,-4.3269,0,0
3259,513M,-4.327977,0,0
3260,421M,-4.330399,0,0
3261,447M,-4.332695,0,0
3262,395Q,-4.333177,0,0
3263,530M,-4.336718,0,0
3264,436M,-4.338587,0,0
3265,515Y,-4.33915,0,0
3266,409P,-4.341752,0,0
3267,361M,-4.343469,0,0
3268,389Y,-4.343644,0,0
3269,397P,-4.345921,0,0
3270,527A,-4.360186,0,0
3271,347Q,-4.362108,0,0
3272,423Q,-4.362479,0,0
3273,379E,-4.367022,0,0
3274,431M,-4.371129,0,0
3275,360M,-4.376135,0,0
3276,356W,-4.376541,0,0
3277,386I,-4.379341,0,0
3278,395G,-4.379388,0,0
3279,443M,-4.381183,0,0
3280,368Q,-4.38374,0,0
3281,491W,-4.387084,0,0
3282,526Q,-4.387479,0,0
3283,396Q,-4.388049,0,0
3284,396N,-4.389609,0,0
3285,527Y,-4.391169,0,0
3286,384W,-4.398526,0,0
3287,424C,-4.398974,0,0
3288,527M,-4.398979,0,0
3289,379Q,-4.39957,0,0
3290,415W,-4.405595,0,0
3291,461W,-4.414291,0,0
3292,380N,-4.414811,0,0
3293,501C,-4.425311,0,0
3294,386N,-4.432291,0,0
3295,386Q,-4.432947,0,0
3296,394Q,-4.433858,0,0
3297,519W,-4.433993,0,0
3298,399C,-4.437386,0,0
3299,531Q,-4.44164,0,0
3300,383M,-4.443793,0,0
3301,397Q,-4.450874,0,0
3302,472W,-4.451098,0,0
3303,416M,-4.454171,0,0
3304,391H,-4.456775,0,0
3305,425E,-4.457469,0,0
3306,379G,-4.457859,0,0
3307,400Q,-4.458798,0,0
3308,349T,-4.461431,0,0
3309,332W,-4.461609,0,0
3310,449C,-4.462138,0,0
3311,388Y,-4.483823,0,0
3312,387E,-4.484837,0,0
3313,435W,-4.487399,0,0
3314,438Y,-4.488321,0,0
3315,387C,-4.489691,0,0
3316,333M,-4.498156,0,0
3317,355T,-4.499034,0,0
3318,531Y,-4.506001,0,0
3319,418F,-4.509084,0,0
3320,350Q,-4.512585,0,0
3321,427M,-4.513164,0,0
3322,497S,-4.521403,0,0
3323,390Y,-4.522563,0,0
3324,347C,-4.522683,0,0
3325,509K,-4.52404,0,0
3326,517Q,-4.52834,0,0
3327,402M,-4.535905,0,0
3328,343M,-4.55379,0,0
3329,349M,-4.553792,0,0
3330,402W,-4.576672,0,0
3331,361F,-4.583465,0,0
3332,392Q,-4.58717,0,0
3333,523M,-4.587719,0,0
3334,342M,-4.590066,0,0
3335,507Q,-4.602805,0,0
3336,434W,-4.605836,0,0
3337,350C,-4.608189,0,0
3338,454W,-4.615376,0,0
3339,342C,-4.61568,0,0
3340,524Y,-4.621413,0,0
3341,345W,-4.640234,0,0
3342,465M,-4.650497,0,0
3343,495M,-4.651611,0,0
3344,419Q,-4.667754,0,0
3345,392I,-4.672157,0,0
3346,499W,-4.674239,0,0
3347,489W,-4.675414,0,0
3348,463M,-4.676809,0,0
3349,530W,-4.678542,0,0
3350,488Y,-4.684316,0,0
3351,390R,-4.684747,0,0
3352,428M,-4.690394,0,0
3353,522W,-4.692479,0,0
3354,496W,-4.698665,0,0
3355,337M,-4.699813,0,0
3356,334W,-4.702698,0,0
3357,527E,-4.703171,0,0
3358,354W,-4.70376,0,0
3359,418Q,-4.703999,0,0
3360,442Y,-4.710988,0,0
3361,379F,-4.716051,0,0
3362,474W,-4.72237,0,0
3363,357W,-4.723655,0,0
3364,418C,-4.725261,0,0
3365,444W,-4.738207,0,0
3366,512M,-4.742231,0,0
3367,482C,-4.743738,0,0
3368,508W,-4.746653,0,0
3369,413M,-4.748457,0,0
3370,518M,-4.751172,0,0
3371,422P,-4.754593,0,0
3372,422H,-4.755362,0,0
3373,407M,-4.757039,0,0
3374,398V,-4.767338,0,0
3375,505C,-4.768755,0,0
3376,341M,-4.775098,0,0
3377,383F,-4.776809,0,0
3378,341C,-4.778779,0,0
3379,406W,-4.780298,0,0
3380,391E,-4.781636,0,0
3381,466G,-4.782375,0,0
3382,423D,-4.79244,0,0
3383,422Q,-4.803156,0,0
3384,422C,-4.810512,0,0
3385,393M,-4.815402,0,0
3386,355K,-4.816032,0,0
3387,412L,-4.819482,0,0
3388,350F,-4.820403,0,0
3389,426M,-4.820892,0,0
3390,526M,-4.823009,0,0
3391,502C,-4.82832,0,0
3392,378W,-4.832832,0,0
3393,354M,-4.838224,0,0
3394,401M,-4.839464,0,0
3395,362W,-4.843803,0,0
3396,349F,-4.844365,0,0
3397,366W,-4.850805,0,0
3398,423N,-4.852179,0,0
3399,464C,-4.855536,0,0
3400,361G,-4.85943,0,0
3401,525D,-4.863784,0,0
3402,353G,-4.86978,0,0
3403,498W,-4.870246,0,0
3404,381E,-4.872327,0,0
3405,531M,-4.872922,0,0
3406,390H,-4.874291,0,0
3407,447W,-4.879274,0,0
3408,404W,-4.884504,0,0
3409,380M,-4.889753,0,0
3410,463W,-4.896368,0,0
3411,352M,-4.900597,0,0
3412,416C,-4.919669,0,0
3413,391Q,-4.922044,0,0
3414,497M,-4.925972,0,0
3415,502V,-4.935849,0,0
3416,526C,-4.942821,0,0
3417,457W,-4.944941,0,0
3418,359W,-4.9461,0,0
3419,336M,-4.951978,0,0
3420,395M,-4.956002,0,0
3421,419D,-4.969767,0,0
3422,464M,-4.971328,0,0
3423,443P,-4.972113,0,0
3424,418Y,-4.978032,0,0
3425,467W,-4.97857,0,0
3426,347M,-4.980135,0,0
3427,412A,-4.984907,0,0
3428,438W,-4.986369,0,0
3429,353Q,-4.99679,0,0
3430,369W,-4.999836,0,0
3431,374C,-5.003403,0,0
3432,360W,-5.005662,0,0
3433,465W,-5.005723,0,0
3434,412C,-5.012121,0,0
3435,432Y,-5.016563,0,0
3436,338M,-5.016622,0,0
3437,525Q,-5.017713,0,0
3438,530Y,-5.018429,0,0
3439,412E,-5.025273,0,0
3440,527R,-5.026015,0,0
3441,366P,-5.028328,0,0
3442,425Y,-5.039882,0,0
3443,473C,-5.051647,0,0
3444,391G,-5.075189,0,0
3445,377C,-5.077926,0,0
3446,509I,-5.080826,0,0
3447,467G,-5.089361,0,0
3448,433W,-5.101677,0,0
3449,390Q,-5.119256,0,0
3450,469W,-5.119847,0,0
3451,398M,-5.12165,0,0
3452,428W,-5.12594,0,0
3453,513H,-5.128409,0,0
3454,514M,-5.133809,0,0
3455,400M,-5.141267,0,0
3456,463L,-5.142618,0,0
3457,525S,-5.156971,0,0
3458,341F,-5.16224,0,0
3459,351D,-5.165378,0,0
3460,355C,-5.16687,0,0
3461,424W,-5.175379,0,0
3462,351M,-5.177091,0,0
3463,425S,-5.177337,0,0
3464,431W,-5.177407,0,0
3465,421W,-5.179754,0,0
3466,461P,-5.180553,0,0
3467,495W,-5.189936,0,0
3468,527L,-5.203954,0,0
3469,348W,-5.205728,0,0
3470,525R,-5.205968,0,0
3471,429C,-5.206209,0,0
3472,515I,-5.206289,0,0
3473,363M,-5.211156,0,0
3474,524F,-5.211558,0,0
3475,351Q,-5.213321,0,0
3476,531P,-5.225999,0,0
3477,516W,-5.230551,0,0
3478,379M,-5.230915,0,0
3479,515C,-5.235764,0,0
3480,364Y,-5.254102,0,0
3481,350M,-5.256461,0,0
3482,392C,-5.262792,0,0
3483,526R,-5.264504,0,0
3484,414W,-5.270489,0,0
3485,517M,-5.27098,0,0
3486,412M,-5.274551,0,0
3487,382M,-5.279318,0,0
3488,525F,-5.285109,0,0
3489,426Y,-5.296855,0,0
3490,521W,-5.301861,0,0
3491,377W,-5.302759,0,0
3492,358W,-5.305553,0,0
3493,352P,-5.30579,0,0
3494,407D,-5.309713,0,0
3495,383P,-5.313139,0,0
3496,515M,-5.313394,0,0
3497,492W,-5.313857,0,0
3498,518W,-5.314481,0,0
3499,465Q,-5.315622,0,0
3500,364W,-5.31848,0,0
3501,525G,-5.318905,0,0
3502,524M,-5.332847,0,0
3503,447C,-5.355077,0,0
3504,335W,-5.357798,0,0
3505,351C,-5.360076,0,0
3506,396W,-5.37686,0,0
3507,387Q,-5.386839,0,0
3508,380W,-5.390438,0,0
3509,338C,-5.390639,0,0
3510,381M,-5.400158,0,0
3511,393W,-5.421205,0,0
3512,341W,-5.425049,0,0
3513,331W,-5.428918,0,0
3514,343W,-5.431137,0,0
3515,437D,-5.45107,0,0
3516,383C,-5.45189,0,0
3517,380C,-5.45883,0,0
3518,442W,-5.465108,0,0
3519,410W,-5.488351,0,0
3520,436C,-5.497587,0,0
3521,489C,-5.497802,0,0
3522,409W,-5.511568,0,0
3523,480R,-5.519114,0,0
3524,374W,-5.552458,0,0
3525,422M,-5.577562,0,0
3526,388W,-5.58283,0,0
3527,419G,-5.591857,0,0
3528,437W,-5.595062,0,0
3529,337W,-5.596039,0,0
3530,350D,-5.600257,0,0
3531,511W,-5.608365,0,0
3532,398G,-5.614219,0,0
3533,398N,-5.627707,0,0
3534,401E,-5.639284,0,0
3535,429M,-5.649554,0,0
3536,480Y,-5.658261,0,0
3537,422I,-5.675192,0,0
3538,396M,-5.681413,0,0
3539,517W,-5.682332,0,0
3540,365W,-5.683619,0,0
3541,427W,-5.707277,0,0
3542,524D,-5.719495,0,0
3543,514W,-5.722678,0,0
3544,454G,-5.72341,0,0
3545,389W,-5.724069,0,0
3546,333W,-5.725459,0,0
3547,412T,-5.725467,0,0
3548,419P,-5.726569,0,0
3549,513W,-5.73124,0,0
3550,443W,-5.737003,0,0
3551,512W,-5.745013,0,0
3552,488W,-5.746955,0,0
3553,394W,-5.748745,0,0
3554,423M,-5.750929,0,0
3555,382W,-5.759843,0,0
3556,397G,-5.782943,0,0
3557,342Y,-5.784192,0,0
3558,349C,-5.785056,0,0
3559,509G,-5.791169,0,0
3560,416V,-5.797655,0,0
3561,525M,-5.807179,0,0
3562,520W,-5.808225,0,0
3563,442G,-5.810667,0,0
3564,528W,-5.813659,0,0
3565,430W,-5.8298,0,0
3566,531A,-5.834865,0,0
3567,497W,-5.85177,0,0
3568,412Y,-5.873514,0,0
3569,390M,-5.877661,0,0
3570,480F,-5.886613,0,0
3571,338W,-5.88974,0,0
3572,437Y,-5.89321,0,0
3573,502W,-5.899849,0,0
3574,363W,-5.902012,0,0
3575,526A,-5.904303,0,0
3576,392M,-5.908268,0,0
3577,418M,-5.918555,0,0
3578,383W,-5.949441,0,0
3579,426L,-5.970039,0,0
3580,457M,-5.973005,0,0
3581,398H,-5.983825,0,0
3582,397W,-5.990017,0,0
3583,349W,-6.008704,0,0
3584,412S,-6.017468,0,0
3585,392W,-6.018792,0,0
3586,353L,-6.021111,0,0
3587,395W,-6.024052,0,0
3588,386E,-6.025662,0,0
3589,464W,-6.028072,0,0
3590,352W,-6.030373,0,0
3591,399L,-6.047306,0,0
3592,510W,-6.052766,0,0
3593,429W,-6.053227,0,0
3594,397E,-6.059219,0,0
3595,509W,-6.06267,0,0
3596,386W,-6.063768,0,0
3597,387M,-6.06605,0,0
3598,514P,-6.067888,0,0
3599,485C,-6.069644,0,0
3600,413W,-6.071298,0,0
3601,424E,-6.077719,0,0
3602,379R,-6.090895,0,0
3603,429Y,-6.091846,0,0
3604,401W,-6.09751,0,0
3605,416W,-6.099166,0,0
3606,353M,-6.099612,0,0
3607,411W,-6.116124,0,0
3608,342W,-6.127938,0,0
3609,387W,-6.135048,0,0
3610,523W,-6.140409,0,0
3611,391M,-6.168033,0,0
3612,350W,-6.171126,0,0
3613,407W,-6.227027,0,0
3614,433F,-6.269826,0,0
3615,443Y,-6.283493,0,0
3616,404D,-6.28421,0,0
3617,358M,-6.300167,0,0
3618,431V,-6.344169,0,0
3619,365M,-6.368908,0,0
3620,398E,-6.402047,0,0
3621,531I,-6.433383,0,0
3622,412Q,-6.438436,0,0
3623,381V,-6.446001,0,0
3624,336F,-6.453547,0,0
3625,425W,-6.458132,0,0
3626,419W,-6.46185,0,0
3627,531W,-6.484893,0,0
3628,423H,-6.499017,0,0
3629,426W,-6.546116,0,0
3630,423C,-6.566079,0,0
3631,432W,-6.567734,0,0
3632,526W,-6.570434,0,0
3633,422K,-6.570492,0,0
3634,336Y,-6.584728,0,0
3635,480W,-6.610282,0,0
3636,526E,-6.629781,0,0
3637,527W,-6.648012,0,0
3638,467N,-6.652343,0,0
3639,399W,-6.70553,0,0
3640,527H,-6.714642,0,0
3641,400Y,-6.759822,0,0
3642,390W,-6.802762,0,0
3643,347W,-6.811612,0,0
3644,398W,-6.835431,0,0
3645,391R,-6.846361,0,0
3646,400W,-6.886567,0,0
3647,418W,-6.906089,0,0
3648,525W,-6.95563,0,0
3649,381W,-6.9639,0,0
3650,524W,-7.045606,0,0
3651,423W,-7.047037,0,0
3652,351W,-7.051166,0,0
3653,349Y,-7.057368,0,0
3654,353C,-7.081561,0,0
3655,361W,-7.096717,0,0
3656,515W,-7.109811,0,0
3657,422Y,-7.195303,0,0
3658,422W,-7.244512,0,0
3659,412W,-7.251608,0,0
3660,399P,-7.265503,0,0
3661,361Y,-7.295141,0,0
3662,504C,-7.364057,0,0
3663,526V,-7.505248,0,0
3664,379W,-7.53325,0,0
3665,426Q,-7.533454,0,0
3666,390P,-7.556778,0,0
3667,431C,-7.564726,0,0
3668,391W,-7.838203,0,0
3669,391Y,-7.863953,0,0
3670,422D,-7.963282,0,0
3671,391F,-8.24909,0,0
3672,355W,-8.37649,0,0
3673,336W,-8.616153,0,0
3674,467Y,-8.686998,0,0
3675,355M,-9.026087,0,0
3676,379Y,-9.125613,0,0
3677,398Y,-9.521406,0,0
3678,525Y,-9.908726,0,0
